BF_Name,BF_Acreage,x2,y2
Hunt Manfacturing,18.38,1428118.11531055,749617.691245228
Scott Aviation,13.265,1534651.59253189,452976.151983559
Carolina Counters,2.64,1574688.31560789,558419.830203399
TFI Finishing Building West,5.34,1632934.86282846,861044.261698723
Avondale Mills,14.05,1019388.87502788,803841.062457055
Atherton Mill Property,9.78,1444165.09699605,536020.080383554
EDACO Junkyard,4.77,937840.250395805,680181.518109977
C. P. Properties,20.97,1941568.35415605,655950.713225231
Stevcoknit Fabrics,54.36,2304772.56606638,357130.790525064
Geltman Corp,2.29,1349465.79197247,717178.984141141
Clinton Rail Disbribution,13.24,2208921.62423848,453519.568219557
Beacon Manufacturing Co,42.27,991100.322025061,690541.089582399
Idaho Timber of NC,17.94,2175711.3927588,932272.078232303
Biller Property,5.16,1765764.6555673,842665.024179056
Town of Swepsonville,22.18,1892386.87017013,827808.708091229
Scott and Roberts Model Laundry,0.39,2029068.44260697,820699.380774483
Grover Mills Development Center,8,1034839.37562288,553372.704142809
"WPDA, Inc - Area 1",56.106,1627700.88379514,870842.895972803
Southside East (RN),19.32,2029207.46693522,813833.1166199
Pifer Industries,2.33,2036232.94205748,811069.548328146
Annedeen Hosiery,3.85,1869038.50741814,856377.103710234
Quality Forest Products (QFP),58.78,2385415.24172297,877399.37203306
Overdale Road,35.44,1634994.83311798,831599.777936891
Wagon Works,10.31,1643851.86625689,846534.501020148
Liberty Fabrics,39.5,2627021.52983488,756567.251821145
Fleming Laboratories-RFRU,1.5,1440526.36083522,545304.207484558
Rental Towel,3.43,2327020.28403805,723208.603971645
77 Center Drive,57.93,1436102.72762214,521450.388066307
Tarheel Textile,1.72,1632724.46233064,858750.766285732
Toomey Avenue,1.73,1440949.84424022,537660.694884479
Coastal Lumber - Weldon,117,2408242.39980872,968789.128229558
Long Manufacturing,6.53,2431124.50824389,788798.060062811
801 Biltmore Avenue,1.71,945984.200315222,680784.226878315
Ecusta Gateway,5.9,893162.396182135,573165.734110475
Grover Industries,14,1267066.88918531,526712.856543973
Chronicle Mill,6.35,1392716.56045763,549534.565821722
"PSNC, Former",2.74,1436455.15112989,742779.500197232
Salvation Army,2.59,2108402.0864328,738033.416841641
Douglas Battery Mfg,21.49,1636953.75111614,842975.141012892
Raleigh Union Station,4.76,2104607.0566213,737855.721987054
ATC Phase II,1.99,2028512.2914883,816894.083595067
Southern Mechanical,7.79,1433282.14205597,559253.367578313
Spectrum Mills II,9.22,1293119.91745973,557118.675325394
Goodyear Service Center,3,1447944.16981848,541077.732669815
Lin Pac,6.69,1719673.24020439,850440.423982561
"Ticar Chemical, Former",3.47,927665.674944475,664099.324880734
One Hour Martinizing,1.64,1449381.26241672,537744.936185807
Bowman Gray Stadium,92.17,1638190.78571555,852185.737421066
West Lewis Street,1.38,1765987.85098705,843803.317506149
REEP-LRC,130,1424556.72118664,508022.088151306
Surrett Drive,13.14,1702607.7208578,795516.697872221
Lenoir Broyhill Site,15.41,1244457.22508714,794204.347150475
Robbins Mill,12.19,1827760.62901606,611943.227093399
Minico II,0.15,944028.604488894,691472.901038975
Perfecting Service Division,4.24,1458960.2376813,552611.372332141
Apollo Chemical,12,1880172.01664713,849446.960418314
US Postal Service (RN),1,2108912.38462481,738448.947178557
Bridgeport Fabrics,1.58,1449910.56713238,643593.349160478
Hamilton Beach II,28.55,2576273.10311672,671621.496844232
Singer Furniture Plant (RN),38,1243463.84682456,789405.005699307
Standard Uniform,5.8,1435848.75667338,530712.635945976
Hyman Young Greenhouse,27.16,920120.831438392,689232.755584896
Zion Avenue (RN),1.79,1447169.49584289,635604.237514064
Allen's Farm Supply,0.29,2318219.51817505,180681.351757973
Transylvania Tanning Co.,12.8,883023.772102475,559809.448159054
Cogentrix,57.8,2001358.71128114,305854.544980645
Carter G. Woodson Charter School,34.61,1635648.29440947,844958.012047142
North Caldwell,0.68,884837.453842551,561420.730369568
"WestPoint Home, Former",1100,1888360.78865539,396400.105687067
City Center Inn (RN),1.71,1451219.45296605,544337.709417567
Thomas & Howard Company,0.84,1633840.38759223,863090.89474456
Quattlebaum Associates,2.87,1482576.61662956,506531.433652312
LRMF,2.52,1444736.55057755,540905.491872564
Cenco,15.04,1430010.35102738,560349.171817139
Raleigh Residence Inn,0.52,2106555.27647814,736313.678483233
Gelco Trailer,7.93,1454463.24503489,548950.276307896
University Blvd,3.54,1475230.68250255,565598.70167239
Dillon Station Redevelopment (RN),2.03,2105119.45421855,738212.35742864
East West Capital,1.44,943255.855050132,687467.234181568
Cooper Bussmann Facility,7.73,2296798.08201538,586367.842548728
Thomasville Furniture Plant H,8,1633577.05216089,860937.690389559
Golden Triangle #10,2.01,1451444.81800088,542265.363824725
Northend Square II,7,1451454.64376864,549046.366666898
Swaim Metals,4.8,1691826.12168613,791399.588652387
Cooper Tools,84.79,1553641.86065364,453990.143393889
Stonewall Street (RN),5.37,1448611.89158013,540348.642920643
Wurst Property (RN),15.99,2049237.71788514,714236.925720811
Thomasville Furniture Plant L,5.92,1679684.8257588,779074.21697773
Biltmore Station,8.99,946951.088801384,680572.182026803
Champion Finishing Co,8.28,933767.882228225,695617.463615984
Nu Thread Tire II,0.91,2029033.76715139,819484.400264814
North Graham Street Property,4.47,1461223.6957528,561329.217429221
DCC Apts (RN),1.92,1444514.1898018,537515.389072731
Thomasville Plant B,11.53,1678470.19104896,775690.690280229
Carolina Beach,0.31,2332690.82519038,110578.882383138
Asheville Foundry Inn,1.01,944932.539360806,689866.949526474
G & B Oil (RN),2.5,1207216.00199756,909620.642236054
Hillsborough Square (RN),1.22,2105164.7897578,739388.796020642
Flynt Fabrics Mill - Parcel B ,9.95,1966387.37997723,845422.490776971
Spencer's Mill,9.48,1526435.61716597,1004990.5906034
Greyhound Bus Terminal,1.2,2317887.44436413,182594.183890313
American Media International ,17,1865760.88011514,841503.208917394
Carpenter Motor Company,4.6,2031177.04468897,815439.529089481
Carolina Sash & Door Co.,1.31,1457448.12981313,540124.066598147
B&H Recyclers (RN),20.12,1643703.52534622,458319.051730812
Love's Grading,4.7,1428875.83492371,566064.953036472
IRC (RFR),16.64,1213012.76008905,901236.641615644
Southwest Blvd Staging Site,4.67,2206299.77777614,449881.803513482
Bancroft Street,3.72,1453980.56128897,549079.634973064
South Market Street,1.12,944904.83961305,689633.818759143
Oneida Mill Lofts,6.84,1880607.38618322,845189.769785732
Atando Ave,4,1457693.57682881,553842.781614721
Davidson Depot St (RN),4.74,1449092.56319097,642373.392938972
Corning-AVX,32,2117265.26358831,758129.418644309
C & E Manufacturing,5.71,1146761.03990246,848006.0049669
Dorothea Dix Park,307.98,2102183.82098222,734890.170175388
Blackwell Street (RN),1.77,2028907.16373006,816773.692759722
Water Street Deck,1.23,2317370.24953239,179306.747879893
Allied Chemical (RN),421.65,1987161.3643478,681072.654451057
Regal Manufacturing II,2.64,1307562.73601498,735444.106731564
Kesler Mill,13.53,1566932.28256355,699944.233177647
Burnsville Hosiery Mill,3.62,1019409.51310997,803243.040031061
Point Five Goldsboro,1.27,2314407.97232047,593055.613950059
HD Supply,3.5,1445757.78147472,539277.974458307
North Point Police District One Office,1.64,1623124.93953498,876399.270030648
Pepsi Bottling,5.2,1441987.50095755,532926.619378895
Stork Rotary RFRU (RN),6.9,1453646.21156397,559888.457515478
Nine One Nine Capital Blvd,0.76,2106105.94634005,744138.671691477
Front Street Village,5.17,2711746.11825939,358553.64988406
North Davidson,3.79,1458239.59214097,547749.071361229
Polylok,30,2417863.68469997,790532.488024399
1200 S. Graham,0.73,1445263.88088772,541177.939162314
319 South West,0.28,2105070.71743938,737759.994160146
Tillman Track,7.46,2705077.43343405,661466.005672306
Gateway Plaza,6.77,2114495.22286855,748289.684714898
Radio Shack,10.33,979785.978512049,698083.140115067
300 N. College,0.93,1450813.80154638,542934.023576647
Polo Enterprises,0.16,2586479.04005389,499201.141226307
Battleship Road (RN),19,2316693.26072888,177650.908015728
Radio Center Property,4.37,1441060.91619655,531244.89373973
Stevens Towing (RN),74.38,2674843.0972493,901637.962991476
South Blvd I,1.27,1439120.76128422,522690.830467314
Duplin BioEnergy,15,2341952.96808338,464756.519826979
Phil Mechanic Property,0.16,939748.955895975,687600.723415896
Blacknall Church,0.62,2023503.18044356,822095.764792725
Glenwood Land,2.95,2104365.54955839,738845.87420623
Matheson Avenue,15.5,1458652.92497572,549641.268692315
General Steel Drum,5.8,1438959.21042623,525914.702628478
Roanoke River Barge,24,2669364.66496472,780591.717879727
Reliable Buff,2.39,1555277.14609697,453055.373281807
True Textile-Elkin (RN),77,1455988.68752205,913300.223459557
West Stonewall Street (RN),10.1,1447427.14132497,541621.304745391
ReVenture North,28.97,1403573.97017322,570475.672233388
North Graham Hopedale,10.24,1880405.68448688,854132.91528523
Aberdeen Tire,0.07,1871156.29517731,503149.043435484
CommScope Industrial -(RN),90.77,1343571.5038923,694659.894993067
Alamance Foods Facility,52.28,1874633.67897056,840899.654678315
Highland Park Mill,15.3,1454217.2570098,545173.464635804
Southern Wipers,5.2,1457777.42147739,547557.840444475
RTP 8 (RN),46.85,2035208.04253247,771176.900751397
Harding Place (RN),1.67,1451121.93872538,535978.176924065
Sonrise Industrial Center,55.878,2393174.40008913,986652.270980895
Central Avenue Apts (RN),1.84,1460516.00622331,540021.58287923
Rocky Mount Downtown Event Center,7.93,2357237.95982306,801070.660845637
Kinston Shirt Factory,7.54,2425818.92896006,552434.301820144
"Salt Wood, Former",2.31,2426021.5889878,555901.983533055
Camden Grandview,2.04,1448030.32253331,539956.839242309
Asheville Tannery,13,939893.949700475,683793.038445979
Sinclair Refining Company (RN),1.54,1460826.12010439,549966.321847975
Above The Fold,3.3,2106475.06633672,738137.954690307
Glen Raven Mills II,11.7,2420473.72475547,554493.366927728
Mount Hope II,2.95,1434204.34460789,539706.368286565
"Sealtest Dairy (RN), Former",1.51,1317306.69979472,719489.632078901
Smokey Hollow (RN),4.12,2105371.46585363,741962.771515727
Rocky Mount Mills,94.79,2354698.88255213,805633.066418975
Kaiser Fluids Tech II,4.43,1464710.59396271,551898.569623888
Klumac Rd II (RFRU),14,1558389.86100014,691162.458090305
Alcatel - (RN),23.12,2112622.11276963,754117.454555392
Harrington Street Redev - (RN),2.18,2105314.65330322,741119.455617055
Fountain Tire,1.9,2335761.28755338,169279.07305339
Metrolina Expo - (RN),101.35,1451503.73028463,576877.157133818
Gastonia Investments,22,1332581.45270972,566679.549576312
Morehead Street Redevelopment (RN),2.27,1445370.86984697,543011.73339498
Highland Mill #3 - North Brevard Street,0.58,1459420.48938547,549185.468094721
Warehouse District II,9.31,1631938.88516164,860015.523270637
Powers Site (RN),3.46,1441603.47810355,537258.394179896
Rite Aid (RN),47.87,1452476.09251314,549592.434800476
Asheville Industries II,10.59,951764.526024893,644543.485711649
Stork Boxmeer -RFRU (RN),6.98,1453034.91062123,559722.044462472
8th Street Landfill,5.57,1515914.93906039,643519.368009225
Wilmington Scrap Iron & Metal,1.35,2319653.27875897,181719.107556477
Heatcraft Facility,17.15,2322102.46250889,157048.557488233
Cannon Mills Village WWTP,118.96,1512735.53925122,644550.533597812
Southern Furniture,6.31,2114019.40689105,319267.496829227
B & H Sheet Metal,1.84,938902.476945892,688042.298648223
City of Washington Future Development,7.69,2577202.05795172,671478.515174806
Cleveland Ridge Apts (RN),16.26,1302493.35507764,548789.983649477
Natures Earth Pellets,28.2,1861788.66463439,381374.197746813
RiverLink Outdoor Adventure,1.42,936976.297071219,695856.267600313
Polk County Industrial Park,37.98,1057648.83656555,579219.389654055
Mt. Olive Industrial Park,39.44,2283690.60166872,535493.383274227
Yorkshire Americas II,43.84,1371620.97600847,565428.316186398
TXMO,3.8,1628907.26064748,859631.799300566
French Broad River Academy,3.15,930767.759619549,705334.400218815
R & S Textile Machinery,3.04,1442599.63523197,535793.042779893
Klumac Rd Property,14,1558870.26522306,690991.89314273
Dixie Machine and Tool Co,1.21,1754621.47214505,841652.173186391
Consolidated Warehouse -RFRU,15.76,1419799.31108205,561447.999015808
Alliance Carolina Tool - RFRU,7.51,950797.978089213,641692.252568975
Pilot Center,8,1571244.40320438,961142.735057816
High Point South Center,10.03,1708116.91029872,794030.602091148
WSECU Wet Pond,4.26,1634653.76555863,852453.311689064
Winston-Salem Police Firing Range,22.38,1595807.77599356,837777.225555733
Static Control,7.03,1956939.88049956,618233.390037984
Midway Park,50,2144771.59243381,747657.564916149
Shops on Innes,3.44,1567170.32145755,695539.382735401
Marshall Street,2.53,1632776.13283098,851309.640091896
Old Dominion Freight Line-Wilmington Terminal,5.16,2320547.67362373,155662.858816057
"Auto Top Manufacturing, Former",2.76,1445357.99585697,538678.815879732
Swannanoa Mini Storage,4.95,999648.3748108,691011.420006558
Paxar Facility -(RFR/RN),27.13,1242027.45730889,799870.348285645
Pugh Tire & Service Center,2.04,2482806.26577255,681669.857981056
War Memorial Stadium,14.08,1770386.74835722,848876.458278477
Stone's Warehouse,2.02,2109161.72959855,737129.199161887
Sidewalk Development,2.39,2482645.62042455,680957.616951481
Goler - Little Island,0.4,1632903.2303458,859293.303914562
Masonite Facility II,214,2274309.84483972,802289.504536554
West Chapel Hill Street BP,0.31,2024512.93400148,817789.327867568
Travis Knits - RN/RFRU,12.13,1284228.16949522,598020.88715598
B&K Coastal Malmo,26.39,2270714.11712305,188526.958113983
Carolina Foundry,0.74,1443491.76829022,536979.403268054
500 West Fifth Street III (RN),4.31,1630907.68742089,857136.522795066
Retreat @ Renaissance II (RN),11.13,2144975.40665872,809358.131475389
Paul Berry Chevrolet,9.34,2312620.97556639,718971.701356232
Southern Loop,5.88,1429795.76484239,501918.957312971
Capital Blvd Self Storage (RN),2.11,2106201.90120064,742774.935573816
Grey Hosiery Mill,1.103,968860.349772811,588468.677913979
South Elm Street,6.97,1766304.61839813,843101.12632522
Bloom Industrial,23.53,1552984.6106558,452580.242014229
Hawkins Street,1.66,1443525.64748755,535886.602960229
Creative Dyeing,8.86,1400200.39785214,569419.243900061
Pennston Site,78.07,1790945.13178106,882465.871086389
Highland Business Park,40.6,959927.578924477,680793.262293309
Revolution Mill Studios,25.47,1770147.22619846,856025.276657984
River Park,39.27,2169689.3457478,701751.200364232
Stanley Environmental,2.07,2033531.81196105,813292.295523062
Windsor Oil,2,2579498.85749197,773776.966745481
Centro,3.5,1444738.90752822,537817.061697721
Asheville Hardware,0.38,944496.279406548,689151.745248228
Auto Undertakers,2.3,968413.869038478,585145.978522643
Herff Jones Yearbook,10.36,1480123.83741438,511228.455426231
Crabtree Holiday Inn,4.5,2097587.06245922,759765.081383482
Carolina Sportsplex,47.77,1435039.7658373,482217.544288054
City Market,0.98,2108164.23421822,737605.569272146
AmerLink,9.63,2351361.93745439,846351.150993139
Carolina Auto Supply,1.44,1448373.08037797,543716.234610647
Norfolk Southern Intermodal Facility,18.23,1456704.58832122,547264.321018398
Anvil Knitwear II,14.9,1302838.83076464,554572.417294562
Coastal Lumber,24.77,2585644.03909922,503219.808057725
Erwin Square Renovation,7.42,2021738.70956305,821799.417944476
Winston Mutual Bldg,1.57,1636653.20348889,857841.918693975
Air Park,3.47,1636552.2939138,871368.59078756
Witten Lumber,3.72,1350316.88705505,558943.088015139
High Penn Oil Refinery,6.7,1727377.68444113,849467.899024725
Renaissance Place Apartment,2.17,1451361.38345647,544466.92142947
Southern Apartments,3,1443587.84880672,543231.046932727
NAD Labs,9.42,1419836.28804222,506790.491533145
Southern States Cooperative,2.09,2323955.98931363,714081.334824637
Carolina Creosoting Corp.,91,2290899.47110923,190497.249448985
Burlington Distribution,37.26,1731074.67704713,821486.006825894
"BASF, Former",56.64,914335.329886049,673488.971127644
Classic Coffee,16.96,1442798.51836438,557598.327581316
Town of Cary Public Works Facility,13.91,2031013.6605013,745674.91927515
Belgium Brewing,17.18,938321.150680721,687762.123355567
Family Dollar - LaGrange,0.99,2362821.8708993,567710.43596597
PCA International,15.96,1488940.99792963,502950.803674474
Noble Road,10,2109203.34598513,751047.533857971
Meck Bar Center,3,1442165.49043097,551598.243124813
Loftis / Blythe Construction,34.51,1456986.1727318,583917.615493804
Fuel Systems,3.94,1433056.97419922,558133.928216144
Goldtex Plant Facility,15.22,2303887.15445139,607039.19818756
North Tryon Commercial,6.62,1456194.07851547,549011.806040481
Spectrum Mills,32.63,1293930.31478906,557035.696488723
Hanesbrands Industrial Facility,29,1617433.65564197,852659.243363813
Davis Drive,50.05,2042406.58883089,781694.848219395
ReVenture West,329,1403087.71917722,567107.706200317
Edwards Property,2.13,1417269.85321447,577628.73240231
Fairview Road,3.44,948031.539068296,680226.685998648
"Adams-Millis Facility, Former",2.6,1701085.9345313,805176.228093818
Ecusta - Tract D,52.31,895483.749807134,573060.269754484
ReVenture East (RN),330,1404321.41520064,565570.572791651
Ecusta - Tract A,48.43,894729.141080141,572851.222272307
Ecusta - Tract B,102.53,895116.225607798,570987.296866313
Ecusta - Tract C,1.97,895129.240673631,571973.288988814
2000 Hawkins Street,1.03,1443787.27491705,537083.091380894
West Morgan,3.47,2102069.60467522,739784.575084731
800 Chatham Road,5.96,1629239.44338205,859398.814530313
Con-Agra (RN),106.22,2122662.42274147,715469.998057812
Patterson Mill,23,2396632.92204347,987645.052459896
West Kingston (RN),1.66,1444951.54030505,538208.981189474
The Mill Bldg at Erwin Square (RN),4.66,2022706.46976663,821836.240377396
Dean Hardwoods - New,11.07,2317351.29058081,183617.686764568
South John Street Project,5.18,2298555.00304222,592350.244625896
Carolina Medical Electronics (RN),6.24,1595160.50366606,918949.465769976
WSFX - New,2.08,2325280.60838355,174551.293480054
Kent Corner,3.61,2024452.35866331,817527.394664392
Liggett Apartments (RN),4.91,2027872.90529989,818377.263043389
Dollar General - Kinston,1.58,2425300.91162339,552023.384006813
Beaman Corp. (RN),27.04,1828116.35993189,777817.195869729
Morehead City Main (RN),1.54,2678412.4149138,362255.737296149
Fabrictex,14.416,1331751.06919989,648421.80046156
Pond Road Landfill,4.73,928222.260117382,673198.867049053
Edmunds Manufacturing,4.48,1763312.93802981,849638.503670394
Nu-Tread Tire Company,0.37,2029056.68934964,819598.482385725
Edison Project,2.83,2107621.95380671,737493.041610062
West Morehead Upfit,2.13,1439381.51174697,541826.692457974
Historic Biltmore Village II,1.26,947800.147470728,679924.751235068
Wilma Dykeman Riverway,0.28,939740.315821394,686869.30296272
Planters Oil Mill,7.03,2358077.65368173,795208.575128898
Fletcher Outpatient Medical Facility,9,955341.689474225,634783.789023727
Hollar Hosiery Mill,2.07,1309886.88359764,730717.481014222
Wesley Village II,2.9,1441637.33695972,544450.247250229
Pace Conservation Center,10.01,2709711.44713189,360103.266535476
Kings Arms,15.81,2484754.59750581,678155.354183316
Harris Auto & Body Shop,1.19,1452138.15355647,551801.400198817
Andale,153,1157825.38194697,581754.930186644
Union Carbide (RN),17.65,1434174.6258353,559606.811753318
Retreat at Raleigh (RN),23.81,2079901.50038947,740350.712731972
McGill Property,1.76,2004479.60562989,489077.454452723
Willard Lead ROW,0.18,1441012.4113723,532647.070397317
Clark Equipment,65.21,949328.384571716,648282.214126557
Sun Chemical - Charlotte,15.35,1420817.46029247,506112.95548664
University Nissian,3.21,1223028.81420389,910153.765841723
Mooresville Crossroads (RN),6.9,1445823.80562089,675859.776097313
Warehouse District (RN),2.41,2104841.08108763,738701.787552148
Morganton Heights (RN),103.675,1197937.54155189,730280.779131725
Durham Central Park Co-Housing Community,0.58,2029862.04961555,819011.099374145
BASF Facility Pender County,396.65,2299302.13048497,214421.340380222
Newman Machine,10.05,1763163.00361839,843836.126495644
Camden Square,0.89,1444190.9817868,536998.071865901
Pilot Mills,6.8,2107361.05800305,744479.990890726
Carolina Production Finishing Co.,7.4,949011.787763968,679445.62489672
Food Lion,4.37,1639641.7365538,846095.387068972
Dynatech,2.09,1441162.16993105,537505.434368223
Cumberland Shopping Center,2.67,1768832.95881389,846158.384646401
Singer Site,43,2564141.95775963,648572.41072464
City West Commons,4.73,1437712.58267014,539244.012255892
C.C. Dickson,2.84,1445745.0318283,538161.527216151
Terrell Machine,4.23,1441567.68289955,532376.291083232
Redman Homes (Barber & Ross),19.26,1939982.82550298,848033.009506062
Tartan Marine,10,1780933.40967855,409784.870912224
West Morehead,1.13,1443717.88332355,543691.291419059
Hillsborough Ventures,2.02,2095777.23832297,742406.755535901
National Textiles,32,1182619.88780406,728470.218120307
State Farm Road,5,1215019.04675889,904091.100473642
Lewith Textile,33,1431731.87087831,541570.545660555
Baldor Electric,5,1436207.27760988,531815.993319318
Oxford Printing,5,2115495.34357172,927928.970776811
Airport Exxon,0.56,1636414.6032443,869324.716922566
Cotton Mill Square,13.16,1748163.40304022,841375.961140394
Smith Property,0.97,1243462.86159031,571165.230237484
Vanier Graphics,3.68,1787375.36333005,1006735.36368865
Burlington Mills,39.29,1458931.48970731,669302.10909456
Flemington Landfill,65.47,2311821.68681064,193448.613624975
Alamac Knit Fabrics,106,2533762.86333422,799942.2861339
Anchor Mill,32,1452355.15968414,611494.039343476
Brown Solvent Co.,0.6,1441408.30526556,532989.511969641
Carolina Log Buildings,30,958171.735651389,629233.16200164
ABC Engravers (New PD),5.1,1441806.75066289,556793.607077897
East Park-Joal Realty,0.39,1454262.68638089,537732.890278146
East Park-Kossove,24,1454035.37023447,537697.992382064
Fishburne Equipment,2,950018.123349726,638222.219810888
Guilford Mills,36.64,1738256.73453338,840970.497384399
Southern Mfg.,9,1449102.93095239,547300.658872232
Alamac American,194,1999763.84668872,305884.649579227
Mallard Creek Road,21,1471650.4780488,583407.111593559
Burlington-Jamestown,22,1731924.1996263,822085.337320149
Cherokee Oil,2,1443497.37162547,542846.306232393
Smith Metal & Iron,6,1447187.47480956,544108.237763643
Erwin Square,6,2021984.82291597,822360.153043479
Hillsborough Addition,3.79,2095706.30145697,741968.21376206
Quality Metal Products,11,1328684.43130431,560155.91793856
Burkhart Carolina,21,2166330.96106039,941954.284917727
Sanford  WWTP,22.8,1940297.62605447,633454.712285563
East Park -Boyer,0.39,1454231.75960547,537511.845116556
Central Park Landfill,7.23,1633914.99866347,851700.542197227
East Gannon Properties,1.75,2203440.61321889,755639.507613644
General Wood Facility,120,2279674.96567114,183535.90543206
Kidd Lane Battery Disposal,1,1440503.68338713,578615.507987812
Bouligny Site,3.5,1458608.94409256,547289.775691897
Elk Mountain Landfill,156,934336.398151547,707412.590616226
Guilford Mills - W. Market St,19.8,1741369.04655021,844451.501905307
Alpha Mills,5.77,1453280.48263663,544365.689348474
East Park-Dorothy Hall,0.8,1453755.72807722,537967.97379747
Salem Uniform,2.53,1626959.78980489,872633.549543723
Archdale Marketplace,13,1439471.88591005,516533.473031387
Historic Cotton Mill,2.63,938954.321330383,688353.326241389
South Tryon Street,2.88,1442587.24450871,537363.652499557
Camden Road,0.25,1445264.88646314,538232.483767137
East Park-Craver,0.65,1454617.98553905,537755.675993726
Rusak Property,1.21,1439883.80437756,533876.889788061
Andrex Industries,9,925957.105526969,685685.868977889
Wilson Landfill WWTP,14,2322094.14231555,714270.971584484
Home Depot - South Boulevard,12,1438967.72254831,523684.158861235
Don Christian Property,0.5,1979490.31866631,786241.002184808
Charlotte Tank Trucks,2.23,1440319.09615789,545177.857343554
Parker-Hannifin,33,2136587.04449847,814334.137599483
Schlage Lock Facility,49.15,2365003.57290073,829952.860627055
Allison Manufacturing,18.93,1640389.56018938,582367.691756397
Chester Street-City of Gastonia,0.64,1347152.04725614,559636.363859564
V.F. Site,5.99,1455206.81736663,756511.175489724
Model Linen,0.5,1766053.62119672,844001.286926478
American Cyanamid,4.1,1433888.65757522,541512.259359807
Gateway at Old Salem,51,1633106.39168489,850294.843236983
Dayco Facility,35.94,806530.124565139,649017.309113055
Griffith Street Property,14.23,1446484.71440405,642537.310262054
Stoneville Furniture,22.5,1733121.27826889,988475.627242312
Cultural Arts Center,3.6,2356309.74547213,801746.974125564
Reeves Site,20,1475637.2751933,574773.266656563
"Fulflex, Inc.",20,2467772.07832131,867235.597741231
PPD,8,2317380.7787108,182058.013374731
"L.I. Building, LLC",53.52,1895996.47942072,849307.356038734
Alcan Packaging Food,9,1421725.73636305,506256.032956392
Fontaine Fifth Wheel,5,2351082.01183313,783898.094797149
ECC (Electronic Components Corp),5,2323164.56635581,290569.458424896
Flynt Fabrics Mill Property,9.8,1966906.67126147,845627.98249197
Conbraco Facility,6.42,1488483.59333263,503387.659756139
Florence Mill,8.2,1145633.22621322,588093.674726978
Scotland Memorial Hospital,4.31,1858893.29444088,372998.162661642
Canac Kitchens,27.3,1429335.42291531,749247.232668564
Industrial Plastics Inc.,17.77,1796656.27160548,840484.687332392
Arrow Laundry & Cleaners,16.5,1468204.90554364,530481.879517734
A Great Escape,4.79,1625891.75060239,846088.239117399
Asheville Mica,3,947838.9429968,680810.006682396
Town & County Rent-A-Car,1.6,1474331.01894756,527203.116718307
Fieldcrest Blanket Mill,18.439,1777512.88305505,1004900.65475965
West End Village,7.834,1629517.73580447,856365.562722817
Piedmont Triad Research Park,1.24,1634012.49092256,857125.399129644
Celanese DRP,120.41,1442479.93566822,512817.514255971
MTE Hydraulics,9.76,1341805.75381489,529417.644769564
Cannon Village,154.14,1517117.7335708,642232.34696123
Pelton Crane,6.02,1439915.83351298,531624.503216729
Costco,14.8,2111970.36341697,752954.361409143
Buss Coating,4.52,1243111.66970739,797715.616374642
R.W. McCollum,6.48,1765442.93573831,833698.457466558
Wilmington Convention Center,9.22,2316831.09936397,180880.805427313
Willard Lead,4.5,1441263.23337722,532581.657142311
Chowan Veneer Co,12.4,2710299.81865856,852132.148289397
Bendix Heavy Vehicle Facility,20.96,1564480.38425213,695078.512594149
Midtown Mall,10.3,1451821.83824421,537302.198226139
Camden Square 2nd Amendment,2.95,1443766.43571989,537299.549937472
Glencoe Mill,7.04,1873458.09503564,869677.733604982
Bromma Property II,11.6,2005618.1640483,951191.235603899
Sonoco Flexible,4.8,1443311.95040838,535702.577737734
Lowes of North Hickory,13.818,1307455.46162322,736949.004640401
Rea Asphalt Plant,8.55,1441908.50144364,533804.600562558
Ferguson Enterprises,2.88,1444036.16483922,536607.103815809
Dixie Trucking,16.25,1458655.20941997,556300.812131733
301 Fayetteville Street,0.83,2107147.60895489,737768.824194983
Cal-Tone Paints,2.75,2133371.67953813,744949.174335554
Guilford Mills - Hornaday,30.23,1729048.14894797,842693.274450645
North College St. Property,0.85,1452786.52594739,544473.752452567
Merchandise Mart,33.94,1462707.32598764,534716.073805228
Almont Shipping - New,23.37,2316959.64011739,182223.057007894
Shuler Property,4.49,807089.906253964,648969.146807805
Southside Properties (Carolina Metals),4.2,1443696.74196164,535375.973732144
Hughes Supply Property,1.7,1443223.96830089,537461.549285397
Conitron Facility,54.8,1726765.51079673,773446.826985806
Golden Belt,5.478,2032401.28272605,815344.024031147
MidCal Aluminum,5.12,1436271.62984338,560239.87807247
N.C. Equipment Co.,2.04,2095414.74068838,742360.889157817
Cole Orchard,55.36,987263.291641384,572947.133825898
Old Pineville Road,3.5,1438377.31263989,523051.149300471
ATS Manufacturing,6.65,1346923.54410422,567150.058149725
Walmart - Garner,21.71,2101182.94470313,716819.883809477
Purser Drive,1.98,2101492.50281106,716390.21668981
Tobacco Warehouse,4.12,2357149.91472356,800730.76782465
Blue Ridge Broadcasting,45.5,1004339.2729093,692237.665585563
Arrow Laundry II,0.46,1456890.28283171,537494.056766316
Warren Marketing Group,0.35,968545.847777143,584404.179809391
Syncot Fibers,3.136,1437993.32128188,541439.646316066
CRS Facility,11.53,1332013.05456831,566220.849706307
Carolina Cove Apts (RN),10.02,2479392.12627539,673894.989344478
Wal-Mart #1666-04 (RN),18.79,1469439.8505803,532273.308349565
West Worthington (RN),0.28,1444398.42494147,537368.439235389
Water's Oil,5.94,2576490.60793105,657222.999722645
Swift Adhesives,5.36,1435140.70198713,497713.096958309
Universal Stainless,8.13,1428805.40691496,502066.998027399
Brookford Street,10.84,1419356.3444483,505502.280526891
Ecusta - Tract G,12.99,893857.437442973,572690.345625564
Mitchell's Formal Wear,6.61,1440125.49418288,529018.756787807
Charlotte Chemical Laboratory (RN),2.67,1447029.04992956,539311.418289065
South End Transit,22.41,1442981.60165964,534782.44539164
Radiator Specialty,27,1441401.45357323,541884.062093899
Hutchinson Shopping Center,5.49,1453811.44154847,549792.639452562
Charlotte Army Missile Plant (RN),24.06,1452780.66145781,550446.802186221
BASF Facility,12.86,1440611.21269964,561734.788796559
Baxter Oil (Former),0.21,968809.716343895,584562.990843475
West Pharmaceutical,26.5,2413421.88518463,573254.712607056
Asheville Ice Plant,3.14,939160.4367318,687666.670790568
Deal Motors,4.61,943784.917640299,693657.24706398
Bosch Tool Facility,10.64,2487219.16180238,695636.941923484
Burke Mills,37,1235431.34386072,737291.872392982
Garco,11.33,1757546.18611188,734741.270538807
Contemporary Art Museum,0.56,2105095.78825539,737873.490652308
NACCO Materials,27.55,1240957.66810989,791544.988295972
Piedmont Triad Research Park (Southern),40.64,1635202.30776864,854452.551128894
Athol,21.1,2073370.5738188,868650.375423476
Procter Property,7.1,2461827.92977655,1003412.16397023
Abbott Laboratories,50.75,1863446.58126606,382530.91262497
Cedar Creek,171.82,2064854.64400031,448956.38705723
Piedmont Triad Research Park (Northern),49.02,1633954.0943858,858332.259576812
Broyhill Furniture,26.45,1341561.0039763,717670.945755646
Schrader-Bridgeport,10,1513994.48686455,467470.347076476
Duke Power MGP,3.938,1767927.7260443,846776.086823061
RBC Tower Parking Deck,1.2,2107520.93497989,737636.176166311
Triangle Drive,2,2074787.67990847,780195.869918138
Double Oaks,58.54,1450759.26917514,551911.969203398
Avery Dennison Corp (RN),11.83,1764796.34352756,834889.952458888
Wix Filtration - Allen Plant (RN),31.24,1335991.51347488,562986.800728232
Hondros Property,16.39,1435015.23176564,509337.892934397
Color Works II,4.35,1767910.30416314,829966.615848899
Hilemn Laboratories,0.923,1749719.48326139,841905.840329975
Hanesbrands Theatre,0.46,1631238.38590647,856197.426576138
Rachel Street,0.52,1453711.8131388,551992.38177222
Block 46,28.35,1365465.45190223,883143.821830228
Virkler Facility II,4.01,1434259.56234522,530095.941313222
West Tremont (RN),2.18,1443046.07626823,537150.982649311
Austin Foods II (RN),2,2067401.81115006,742750.179717809
SPATCO (Southern Pump and Tank Co.),2.97,1638976.78709631,855045.79830198
Cotton Mill Square Addendum,2.392,1747513.0719918,841457.977380559
Clarkson Street,19.96,1445079.87272555,542594.8579164
Deutsch Relays,1.5,2328416.50138997,193595.536887556
The Old Wood,0.49,939218.886089966,687889.880645975
Raleigh MGP,4.44,2104432.53564489,737251.101149067
Burlington Industries - Durham (RN),6.38,2022372.84313731,821972.159724981
Camden Square Addition,4.5,1443463.76342498,537581.808887392
NC Equipment II,0.99,2095166.98199755,742456.469347224
Ecusta,213.41,894153.926351309,572173.385701478
Leary Brothers,4.2,2707315.57659556,852572.483694807
Texfi Industries - Fayetteville,79.07,2039200.64412731,485553.730200976
Padgette Lane,0.97,1979853.86091822,785991.336017475
Sun Chemical Facility,5.26,1636964.52373239,868637.512588307
Tyner Street,2.36,1474790.32249089,564859.987270564
Motor Werks,2,2100137.42054747,742521.733652398
Ecusta - Tract F,119.92,897960.515522882,567369.02687189
Piedmont Triad Research Park (Central),51.7,1634927.00516963,855983.838420644
"Baker Property, Former",3.18,2044807.55482946,693358.433357149
Kolortex Facility,13.27,1424958.3647403,532117.103281394
Honeywell (aka Jengor-Mars Hill),31.57,945248.377311811,776957.194965065
Parks Suzuki / Parks Holdings,1.94,1696614.7938673,815265.426091224
West Lee Street Shopping Ctr,1.51,1762404.6366968,842921.292695388
PTH Park,10.03,1957916.43760155,618010.226442307
Crown Honda,10.94,1479995.8747438,520252.311722308
Dollar General - Burlington,1.64,1848420.50272247,848998.008560315
JH Duncan Oil (RN),1.38,694059.754361972,551037.813471392
Prestige Label,5.6,2325234.97067955,290029.833519891
Wetsig Yachts,4,2334074.71743572,179349.602781057
The Standard at Boone (RN),4.67,1211695.71711947,904804.973717809
Green Valley Office Park,28.5,1758416.45471255,852662.454643473
Gastonia Poplar,7.39,1338852.40539089,560081.566053137
Ecusta - Tract E,195.69,895622.630762964,574136.477575809
Wrightsville Avenue,0.77,2328283.41668239,175403.638232067
Owen Manufacturing,22.18,980987.075519308,695090.442032233
Imperial Campus II,6.84,2482006.62498339,680637.007684559
The Foundry,3.44,1446190.58375873,543050.076494142
4th & Broad Streets,0.35,1629737.30032597,856630.572035313
Stanhope Center,4.28,2095783.70484547,742267.025500387
Colonial Abrasives,11.11,1871989.05663514,501895.986558393
Tremont Redevelopment (RN),7.8,1442996.48384772,536670.191616148
Orbit Energy,13.06,1459532.94191647,555650.630361229
Craighead Road (Abernethy Lumber),10.03,1462916.95581771,551201.291162804
National Color Graphics (RN),4.29,1457169.22912422,540666.150815815
Olympic Mill,17.25,1769979.81839681,855259.508176401
955 Brookstown (RN),1.83,1629075.48242389,856212.175562397
RP Scherer (RN),9.02,1552900.2033443,450950.681625053
Hendrick Durham Auto Mall (RN),9.9,2029818.09924413,815269.075362146
AquAir II,153.92,1411100.93346572,507506.905454651
Charlotte Casket Company (RN),5.41,1457599.6341033,540550.97453697
Moore Place (RN),1.97,1454211.35446255,551995.88209331
White Flowers (RN),1.47,1456744.88318814,537629.03024964
Caroline Courtyard,9.77,1331678.81212655,639237.104264066
Residences at Gateway Village,4.8,1446849.24746764,545856.336629644
West Penn Hardwoods (RN),18.64,1332408.6758243,721862.82910414
Phoenix Recycling,13.92,2617167.74967372,434792.710004061
Lexington Home Brands Plant #1,20.5,1627787.63460588,755541.688911647
Riverside Drive,1.8,938289.201597631,689326.181579143
CHT Facility,4.5,1438419.75185947,522720.760197475
General Marble,21.82,1332641.03264305,639578.924446568
South Bloodworth - RFRU,2.24,2108632.70605031,731884.721133813
Faile's Mini Mart,0.54,1352303.1399723,554275.422481731
Alro Steel Facility,10.8,1709662.30222106,851742.980760649
RAD Lofts,2.88,940308.996770635,687197.733736306
Market Street Storage (RN),4.9,1747987.92471664,844678.675663561
Precision Dynamics,2.27,1452629.36910947,550941.687351316
3rd and Poplar,0.6,1448504.61620414,542802.690177888
RayChem Corp.,8.67,2057521.60781339,679090.899884388
Seneca Place Shopping Center (RN),4.2,1439626.98796205,521596.200766817
NC Music Factory Apts (RN),3.62,1450674.26868898,546698.34019497
1213 W. Morehead (RN),1.85,1444004.5136558,543323.835132971
Lakeview Residences (RN),5,2016419.4180363,823043.82949765
NoDa Textiles (RN),6.92,1460626.91052905,550244.343273565
Elkin Chrysler II (RN),6.16,2029096.03638381,815585.702353567
Dunavant Street,4.22,1442703.06875214,535893.696121901
The Graduate (RN),0.67,1982336.64138572,786485.994148895
Belton Street Homes,3.3,1442104.28812556,531586.47770223
Simpson Oil Company,0.67,693831.736445308,551253.056151137
Sackville Mill,9.38,1241309.3875508,565210.695886731
Parkwood Station (RN),3.49,1456026.7730758,546163.320595726
Drexel Heritage,15.29,1104875.16599722,716103.641147479
Scottish Rite Temple (RN),6.1,1462918.74780889,522362.38197723
East 7th Street Storage (RN),1.06,1453436.31303364,540850.847624898
Dilworth Mattress,0.43,1443306.38283423,536937.406304806
Washington Mills,13.35,1715863.07918955,969321.675064728
Maiden Lane,3.36,2099863.03887838,741950.220031649
Former Crown Honda,6.51,1993675.60066314,796649.444950566
Performance Auto Mall,12.93,1997262.80247822,798686.908395305
Varco-Pruden (RN),26.72,1676507.6608533,870844.661389232
Peden Steel Redevelopment,18.59,2113023.83932839,749299.853298232
Chestnut at Blowing Rock,3.61,1209509.23625623,876446.574069887
Franklin Baking Co.,2.92,1872396.18410172,844905.694894567
Chadbourn Mill,5.75,1458868.85039689,548364.078333303
Ark-Les Laboratories,5.68,2122225.20740855,745115.57754606
Blue Ridge Textiles,5.46,1426437.89819856,750134.298151642
Former Belmont Dyers,11.03,1398574.92472513,548383.546142146
Purple Heart Homes,11.9,1442233.72290605,742285.872247473
Carolina Tank Cleaners,42.39,1713818.38970938,867550.604329064
Former Durham Collision Center,2.16,2030239.37202364,815022.713650137
3500 Yonkers Road (RFRU),5.1,2122792.81814997,744416.336490482
TKC Garner Land,14.01,2125685.0420243,719279.348378733
Pitt County Bus Garage,22,2473992.69022389,666245.454774812
Eagle Island,31,2316321.38220756,176780.922550976
Woody Drive,21.73,1885384.42124856,841157.520304307
Taylor Salt & Chemical,3.74,1436678.24254721,551163.80698581
Berryhill Road,1.61,1440105.33477439,545985.281253651
Palmer's Automotive,0.54,1443228.37544431,537833.902543306
"Wentworth Furniture, Former",4.38,1349668.90639564,715294.582398146
Hoke Street Passage Home,3.4,2109050.84268121,732760.076994643
Peace Street Phase II,3.32,2105628.22091755,741832.350188643
Arbors at East Village II (RN),3.76,2164592.65843463,688862.415446311
Reman Properties,20.37,1947973.54967897,710720.3582789
301 Hillsborough,.5,2105742.40376006,739069.664441064
South Boulevard Carvana,1.95,1440276.65825063,530001.442158401
Spring Ford Knit Co,9.48,1359988.51830231,562976.453964144
Thrift Rd II (RFRU),2.82,1440421.25540239,545792.814775065
Dicey Mills,24.67,1233919.26912896,569863.306004062
Fuquay Varina Arts Center,3.69,2059831.21769547,668313.097621143
Osage Mill,5.17,1318380.22717522,565791.021169648
East Craighead Storage,15,1462395.61991814,551760.001987651
Five Points Gateway Redevelopment,1.8,1536753.67986314,452098.787596554
Corona Auto Repair,1.15,1637279.03589864,845888.719503313
Stanley Furniture - Graham,37.47,564219.297179893,606465.588114306
Adams Property,1.98,1441917.04473364,537277.969271973
Block 42,3.55,1451571.31249855,543457.430666313
Vivi-Color Graphics,0.91,1770736.73387772,829163.68832089
Doblin Mastercraft,22.67,1210160.19427189,729331.983785227
Rexnord Industries,79.22,1170027.30275306,722576.094409898
Knob Creek Property,22.67,1223344.37394021,731267.493693724
Calsto Heating & Cooling,0.81,1594673.68246122,855862.165435642
Trenton Cotton Mill,6.83,1345745.75446506,558002.876969054
Ideal Tool & Die,0.52,1439851.01572922,533487.307890058
Highland Mill #3 - East 33rd Street,0.82,1460064.37392446,549477.330043808
Clarke Power Services,34,2567788.46391806,495238.070084229
Howerton-Byran,1.45,2026386.98110639,819050.558940888
Tremont Music Hall,0.86,1442272.50071564,537144.929183722
Hamilton Property,0.9,1442751.8567123,535853.464246973
1300 South Tryon St,0.34,1446225.2611828,539602.025975555
Textile Piece Dyeing (RRU),21.96,1331607.48976263,638463.48737298
Rea Asphalt Plant Addition,0.77,1441933.9429938,533840.920699894
Micromatic Textron,12.95,998724.073509797,690460.088432059
Matthews Morse Supply Co,1.65,1440888.60912646,542131.693488389
The Patton,1.57,941445.731701881,689617.465773478
Narsi Development Salisbury,1.47,1560708.80550922,691992.651311815
Piedmont Plating,4.5,1777828.19311997,847722.917934641
Woodfin Auto & Salvage,3.3,930261.128414974,702084.351600811
Wepak Corp,1.37,1445225.26187047,540122.31922631
Townsend & McCrary Site,34.3,1866693.23159689,721226.615481555
Storage Max,1.39,2111543.12477013,748937.208026141
Leonard Oil Plant,1.09,1636299.02539147,847006.077832893
Yons Property,26.96,1418223.56193697,507287.853071228
BASF Enka Landfill,29.88,915835.089353725,673983.544941649
South Graham Tower,0.67,1447504.85179947,542995.561511308
Salem Paper,2.83,1627490.4222738,858578.821419641
Hanover Center,39.03,2331305.04088847,171521.365156725
Witherspoon Nursery,8,2002771.57262863,801415.99250406
Life Science Building,3.9,2483524.31715797,679621.177039057
Overture Cary,7.03,2045170.06854014,755158.394730732
Acme United Corp,12.69,2303390.79192705,652221.28006731
South Street Condos - West,1.74,2104068.64267188,736142.458025143
Arrive Wilmington,0.72,2318266.16801614,177807.714132562
Ezzell Trucking,14.54,2308441.24868964,198692.989619151
Fayetteville Mixed Use Development,2.07,2034722.14258564,474948.467290804
Guilford Mills Redevelopment,40.94,2058096.67031156,678123.882461473
Little Rock Road,4.9,1419649.0151228,546472.901997566
Sterling Mill Lofts,8.57,2160628.72312105,855803.327298731
South Saunders Street Assemblage,9.15,2104430.8089423,734687.206670567
West Club Boulevard,2.51,2026562.96631873,825449.349292889
High Point Multi Stadium,11.35,1700666.23031822,805594.442152396
West Main Street Assemblage,0.79,2026074.37083922,819349.00814715
Granite Mill,10.06,1891327.31520264,852019.227255389
Organic Production Services,0.39,2408230.78729914,979320.097981229
McCall Farms,12.35,2326686.37099198,710149.051022559
Southern Wood Piedmont,90,2317368.63634664,170559.075742722
Maxton Feed Mill,351.34,1891890.81210713,367993.553904474
Homewood Banks Apartments,16.02,2094397.19777597,759097.949515641
Former Clinipad,50.58,1471867.19415081,564011.775712401
South Tryon Commercial,2.39,1442800.12564464,537216.437898979
Charlotte Naval Ammo Depot,17.08,1420125.30058755,504430.457211226
Charlotte Aircraft,8.31,1485274.34811072,537151.393081561
Harding Office,0.5,1450983.95474939,536165.504633397
Singer Furniture Bryson City,20.5,672088.35178256,638570.315899476
Brightwalk Phase VI,3.54,1451778.97907797,551243.83405672
Powerhouse Square,3.2,2104936.18686855,739779.112825304
Glenwood Square,2.02,2104126.26591621,739158.35684897
Norfolk Southern Intermodal Facility II,2.54,1454854.23736313,545603.139629483
Westinghouse Electric (RN),0.51,1440367.47204539,542839.357427388
Quality Products Co,0.51,1444197.60808589,539712.020178139
Motor Pool (RN),1.33,2108028.96349138,737107.997432649
Westinghouse Electric Meter and Light,32.25,2118581.74586347,751787.126538888
Cone Mill - Greensboro (RN),21.17,1771856.36549672,856556.797576562
Ward Transformer Co (RN),34.54,2067823.99403273,782608.671851054
Big Bertha Service Station (RN),3.14,1451998.34970222,546954.316060975
Pfister Dyes & Chemicals (RN),5.75,1459546.03309764,561236.965645224
Woodlawn Green (RN),19.77,1437051.93766597,524735.647243813
NC State Tailgate Parking  (RN),18.4,2085718.07208964,746486.015750065
WWAY,1.7,2317377.29282539,180909.555369809
Jim Griffin Roofing Co (RN),1.013,1445709.94397198,541171.350264728
Upper Dean,5.19,2317664.57637155,183313.556795388
McBess Industries,30.35,1344083.01992963,607063.031145141
Gulf Refining Co,0.96,2114559.93960264,565228.010156557
Durafiber,515.28,1522676.86156014,718970.843418315
K Town Furniture (RN),7.7,1515797.80838914,640212.886761308
Asheville Dyeing and Finishing,40.39,980558.885758892,695712.916837141
Yorkshire Drive (RN),3.17,1438888.05243206,530771.905840561
Fairey Finishing Plant (RN),4.33,2034796.27596755,809282.477755308
BASF-New Hanover,586.8,2301453.16161597,213573.52875565
RJ Reynolds,3.28,1633075.34187822,856213.568604231
Clayton Spinning Mill (RN),32,2163754.04331397,690538.714915231
Fishburne Lanfill,11.69,949669.684414059,638432.653117061
1300 West Morehead Street,0.36,1443834.74693497,543610.66067481
Metromont Concrete,18.51,1463983.96615088,552735.151940227
Boy's Esso Service Center,1.22,2022991.94229281,820945.007907897
Matheson Ave II,14.43,1458976.67006314,550107.244138315
301 Hillsborough II,1.85,2105527.61875655,739077.429517388
Associated Engineering,2.45,1486366.83477089,500805.992019221
University Place Mall,39.5,1991871.62592463,792757.70634298
Venable Tobacco Company,3.76,2029849.59491606,815882.321839064
Youngs Service Station,.35,1450318.13423064,541515.361059651
Johnson's Arco Service Station,0.66,932307.726683974,684311.403222889
Wheat Fields Development,5.32,2146060.8437923,798524.671186983
Cone Mills-Pineville,28.3,1432690.55268797,490886.376359805
S. West Street,0.29,2104881.85036306,737842.988416731
Chemstreams Inc.,2.9,1497963.43559338,490021.680582643
Thomasville Plant H II,4.18,1633956.41393498,861310.50394839
Eastway Plaza,25.25,1469018.47707923,551303.96681048
Carolina Coach Co.,3.86,2107852.46810947,733672.186390892
2100 S Tryon St,2.82,1442310.25490522,536767.268521726
Charlotte Oil and Fertilizer Works,2.21,1443825.79386888,536243.89259997
Charlotte Packing,11.11,1448128.70717905,547893.173435226
Wade's Amoco Station,0.17,1633111.63839355,861575.533602059
Former Erwin Mills,55.25,2095570.81189856,574593.241097972
Monsanto Co (RN) GlaxoSmithKline LLC,107.17,2039796.77318439,789396.76063706
Calsto Heating & Cooling 2,0.81,1594695.87664255,855815.694071889
NCDOT-CC Mangum-US64E,55.99,2134534.31271155,744537.134805307
Radiator Specialty Tract E,10.02,1440636.45641555,541847.702258483
Smokey Hollow 2,3.43,2105247.06288722,741280.173143387
Liggett & Myers Tobacco Co,2.79,2028157.24659473,819156.927166477
MB Plating,1.5,1701712.66457705,790104.101742059
"ATCO Rubber Products, Inc",3.28,1751282.97488505,841086.760603309
Worthville Mill,6.8,1769383.01348805,747594.430199891
Philcron Automotive,1.55,1443585.95215698,536156.186082482
Okey Hosiery,1.16,1445125.41823813,537689.377569899
RSC Indian Trail,73,1505531.09303021,481829.582465559
Pittsboro General Store,1.48,1947177.68512897,717077.738608733
Consos Chemical Facility,28.6,1450901.83450681,564975.988350898
Tarheel Army Missile Plant,22.15,1879443.22775039,854842.138932392
Gathings Motor Company,4.88,1446351.46467055,539957.378611311
Seaboard Station (RN),6.72,2106878.76369205,742472.917477056
West Boulevard,1.8,1444284.19354264,537967.028261304
B&M Motor Works,7.38,2080675.3741698,740826.793144643
Jimmy's Gulf Service Station,2.49,2095864.34871306,742634.365973055
Former Cottman Transmissions,4.77,1465352.53034289,551708.554255888
Tyvola Road Former Landfill,20.95,1436014.63363822,520462.988794401
"PE Valve Manufacturing, Former",1.63,952822.793593392,671356.946192235
Washington MGP Site,3.57,2577308.12565297,659375.64043048
Texfi-Haw River II,18.36,1892412.61257271,851949.10075523
Moyock Muscle,5.2,2827434.18445496,1024557.27128623
Berryhill-Thrift Road,3.83,1440218.37916772,545778.711456805
University Ford,11.19,2027617.16466963,816715.120698392
Parker Zenith,5.27,1868930.13361913,504618.656309888
Ciba Specialty Chemicals Facility,0,1635957.67075922,584749.6043154
Blevins Oil - Andrews,,557726.756031141,562692.358075649
Asheville Industries,,952369.673108548,642847.631163731
Day Warehouse,,939738.427373722,684317.46751523
WNC Stockyard,6.5,937816.83443214,688385.807147563
Broad Street Development,4.61,944040.517522797,693654.214261651
Liberty Engine Parts,2.17,1458592.52778681,556772.047409728
Abernathy Lumber II,13.84,1463063.05395073,551567.56930165
Zagora - New,1.41,1445487.3689578,540213.917140231
Freuhauf Trailer Corp.,0,1453330.18758972,547158.779890895
North College Apartments,0.93,1450696.62592772,542985.685218722
Northend Square,7,1451702.19314231,549345.387722388
Mount Hope Machinery,2.96,1434109.09971964,539101.398039818
Central Avenue Apts II (RN),1.84,1460497.27299306,539910.796027318
Cliffside Mills Property,0,1171616.38422056,557434.317082554
Interpane Glass,19,2208033.91046272,453798.3445649
Collins & Aikman,0,1525624.85139905,600809.329413727
Cooleemee Cotton Mill,17.9,1538371.86855589,752381.550874978
Webb Metals,4.37,1351691.04408364,584155.052682981
Wrenn Field,16.63,2044255.32135388,799374.278411642
Chapel Hill Road Site,0,2022119.8790763,814770.67576839
North Mangum Street Properties,0,2030650.04869571,818955.280916229
Counter Culture Coffee Facility,2.42,2033057.59637405,817929.95193015
West Village Expansion,0,2027427.86157055,818474.838307559
Wrights Executive Sales,0,2029559.58893439,820196.616031975
Ellis Road Property,0,2038948.56359471,807943.646771565
United Methodist Retirement,0.86,2016434.80514464,822068.15362747
Coffin Shop,0,2028763.05837522,820488.449765891
Elkins Chrysler Mitsubishi,6.21,2028772.2515983,815432.160993978
American Tobacco Historic District Phase II,0,2028599.13580281,816790.974549309
Heritage Square,6.33,2030543.75133614,814598.505180985
Unity Oil Company,0,2033697.57934606,813527.156929985
Solectron,0,2043894.13834922,784571.66792506
Old WNC Fairgrounds,,976418.35007672,577720.958595812
Leary Brothers Storage,0,2707381.53873397,852914.412472889
GP Bowdens Sawmill,70.86,2264551.63535355,476884.72457315
Texfi Industries,0,2039314.93097222,484926.670759559
Burlington Textile Manufacturing,0,2028602.38907714,464640.674586222
Wellman Site,0,2063550.07705563,450694.135550231
Norcap Plant,0,1361036.46010405,563174.492938146
Talley Laundry Machine Company,0,1741770.97750489,836674.480713978
Cone Mills Plant,0,1771642.67924431,856346.699899644
"Color Works, Inc.",0,1768131.06422031,830263.694322973
LaRoche Site,0,1768950.21710956,833812.037291899
Guilford Orthopaedic Property,0.83,1757056.7005423,852844.93557772
Traders Chevrolet,0,1769321.1642023,850989.176493972
Tar Heel Lift,0,1720416.97428122,847665.039441481
United Metal,1.59,1766417.64179413,829871.265317812
AMP - N. Church St.,0,1768335.91945364,852548.140895724
United Metal II,1.59,1766417.64179413,829871.265317812
"S & W Chemicals, Inc. Facility",6.65,1297836.03565213,728851.255415976
Pillowtex Plant 4 and Substation,0,1515144.65549597,638083.647253394
Anvil Knitwear,14.9,1303364.1276143,554791.480504721
Glen Raven Mills,0,1299365.93744797,562893.339300975
Lexington Furniture  - 1,0,1610931.84581096,735868.230555221
Ingles Grocery & Gas,16.81,1338695.23510155,636588.082987309
Cochrane Furniture,0,1331717.55909631,634394.141509056
Liberty Embroidery Facility,0,1715224.35999456,961781.955236062
ESTUL Tools & Manufacturing Company,2.08,1484641.58264397,502961.095320568
Rexam Facility,0,1488841.01912697,501655.491304472
Tultex - Mayodan,0,1715025.68847589,968706.577869728
A. O. Smith Facility,42.02,1922324.54749939,849885.797139063
Webster Property,0,1919133.4570968,853985.05829747
Sutton Park Shopping Center,0,1542864.34119822,453368.623967647
North Main Tex,0.49,1466935.60526071,674545.690798983
Morehead Machine Shop,0,2689042.19417913,361821.066249475
Home Innovations,0,1701843.12724264,402832.784750804
Kilgore Oil,,495511.504805714,528298.605340973
Yadkin Brick Yard,0,1653524.76882705,622478.859565392
C.C. Mangum Property,0,2080690.46600313,742337.113614812
North Hills Mall,0,2106559.80796513,759609.135173068
Gresham Lake Lane,27.19,2123164.01885113,777153.08728981
AVX-Raleigh,32.55,2117638.23101822,757427.265521064
Harrington Street,1.43,2105397.04454264,741047.128661975
South Blount Street NFI,1.33,2107754.93319955,737128.744110316
Garner Rd Industrial Park,0,2109318.73322156,732616.131744474
Veach-Wilson Oil,,568493.669864714,606412.06755206
Bromma Property,0,2005077.50896163,951138.102836147
J. G. Hardison Site,14.09,2005128.47277047,948775.960578814
Tultex - Longhurst Mill,0,2010469.27344055,972196.970167145
Norman's Property,0,1564105.02673514,701680.529573813
Whitin Roberts Development,0,1948408.68496355,629552.551126644
Doran Mill,50.74,1232354.98452789,575212.16899398
Shelby Dyeing & Finishing,0,1233263.84524298,575896.729960814
J & C Dye & Finishing Co,0,1233254.29670563,575879.515756398
Sparta Teapot Museum,0,1377213.90576747,1012442.63212973
Shelby Williams,0,1429812.29368073,748738.978763804
Flowserve Facility,8.85,1454394.72483072,756030.1771079
Cortina Fabrics,19.59,1894079.42354356,824838.395462304
Pugh Auto Crushing Company,0,1671071.94501872,781076.870780811
Park Boat Company,0,2577606.97708939,659453.170131058
Hamilton Beach,39.45,2575807.4508328,671975.780256391
Riverman Project,6.94,2317722.35939246,174965.398622975
WSFX Television Studio,0,2325487.42227438,174692.835519806
North Terminal,0,2317500.52387814,161211.759135559
Dean Hardwood - old,11.07,2317091.07817473,183316.943271562
CSX Riverfront,0,2317293.9836088,180424.665263474
Stratford Metal-New,0,1632430.01803763,851729.059856728
Unity Place,0,1629737.75603372,855922.556062892
500 W. 5th (RN),4.31,1630832.1636218,857362.634547561
Restoration on West 5th (RN),4.31,1630928.3031933,857375.451451063
Western Electric-Winston Salem-OLD,5.96,1629405.79705197,859529.358232483
Brookstown Avenue,1.85,1628964.00462846,856200.826831818
Andy's Heating & Air,0.25,944473.334242463,688763.769974306
Providence Place,1.44,943397.094597057,687625.044561476
Silverman Project,4.46,947623.781025559,681177.883243233
Slosman Property,,947518.787141055,680096.508765563
Felkel Oil,,926248.473054469,690067.740135387
Rankin Patterson,,947593.755166978,679736.268344313
Minico Bldg,0.15,944099.703756139,691467.926639482
Pace Boat and RV Park,,2709877.63315122,360418.108097389
Ecusta II,527,894158.162235215,574594.933351815
OMC/BOMBARDIER,,1029212.61259823,804394.594486475
Bombardier Burnsville Site,,1029194.06079805,804410.190255806
Smathers Oil,,857961.353395388,670812.466966227
Austin Foods,,2067575.80653697,742679.032222316
American Cyanamid,0,1434026.71372956,539568.817380562
Tremont Music Hall,2.43,1442478.44945072,537032.463529393
IBM Facility,201,1473854.18689597,572811.804700226
DynaTech-Hawkins Street,1.67,1443425.08075956,536081.750863895
Carolina Metal Prod,4.2,1443831.44543238,535260.508083805
Ferguson Supply & Box Mfg. Co.,,1459258.51497188,559212.309917644
Rowe Bouligny,,1446360.50336638,541493.887021229
Wesley Village,2.15,1441648.29166222,544274.216762394
West Morehead Addition,,1443937.11943364,543669.951566726
Sears Service Center,11.46,1422807.01733696,502089.742404476
Clawson Radiator,,1445458.52879238,538679.428083226
Dupont- Sentinel Transportation Facility,,1431858.24168855,540771.857625395
South Blvd. MGP Site,,1446448.7430193,538501.406129554
Eastway Crossing Shopping Center,,1468155.6503928,538019.140361816
Eastway Crossing Shopping Center,,1467921.46024439,537093.634010732
Thrift Road,,1441549.87617664,544366.752338484
Park Union,3.58,1445052.00959231,543130.801726401
South End Project - Park Avenue,,1444856.08445922,538048.741680562
Dollar General,0.45,1456758.4054708,537464.110631973
Aquair,,1411359.76070397,509140.788013637
Selinas Learning Center,,1452041.88668863,551489.509090304
NEWCO Fibre Property,,1461018.48192438,550283.492801562
Sharon Cleaners Site,,1453823.22302097,537734.618621141
Virkler Facility,4.01,1434128.87264597,529953.515745059
"Aquair, Former",18.9,1410451.20805913,506917.892525062
Parnell Martin Facility,4.79,1452192.81650488,547710.904114723
ABC Engravers (Old PD),0,1441215.44213422,557388.417896137
TEMCO,2.1,1441352.49566589,537817.796932474
Beta International,38.71,1409474.89275455,506765.817369893
Southpark Apartments,13.14,1450218.28633322,516726.421464399
Stax Gym,13.41,1438276.53298581,530963.37888281
Kaiser Fluid Technologies,5.02,1465022.09793289,551824.834207058
Eakes Drycleaners,,2026790.61776631,819384.977891475
True Textiles (RN),72,1456023.50700621,913518.634768143
Cumberland County Detention,,2036175.98154147,473253.247912228
Sedgefield Specialties,,1732917.3925218,822777.743415639
GlobalTec,2.1,1698724.71451622,795395.703691646
South Bloodworth,2.24,2108534.09437089,732075.823113814
North Craven Street Railroad and Bulk Oil Storage Yard,3.98,2586268.12479331,502485.990955815
RJ Reynolds Area 2A,215,1631353.82432389,870573.602876231
Lace Lastics,6.88,2115931.02872397,928672.713711888
Petroleum World,2.25,1395187.74088272,555770.672772065
South Street Condos - East,.83,2104272.62323505,736138.628964558
Drexel 1 Site,29.82,1226831.17208472,741743.090196565
Mecklenburg Hotel,2.75,1448497.88787113,544234.67878373
Clorox Facility,7.14,1442183.64590646,546356.780182555
Raleigh Union Station Bus,1.76,2104836.91606972,738284.649606898
"Wilsons Pest Control, Former",2.93,1628229.18031073,858811.453828394
Northgate Mall,57.56,2025848.22266947,826326.703181222
Artee Industries,11.1,1322515.98826064,619348.346141398
HP Fabrics (RFRU),22.01,1609029.31287064,838439.085780561
Matheson Ave Creek,6.09,1458714.85661039,550158.44613564
TW Alexander Flex,51.15,2044400.70032822,790488.054714307
Corey Transmission Service (511 West Tremont),5.58,1441782.77728564,536804.51582256
Halifax Regional Medical (Vidant Halifax),84.5,2398800.88096213,978820.01335147
Beltex Mill,20.64,1384502.97091372,555043.973766148
West Salem Shell,4.46,1629553.81808139,855528.727126151
Chapel Hill Police Dept,10.24,1984397.82623972,792048.802905142
Naegele Fairway Advertising,3.33,2106131.5535723,741699.291727722
Youngsville Agricultural,20.18,2146994.98726521,830326.034749478
Charlotte War Assets,3.76,1439882.59210964,545725.707297727
Passport Motors,.53,1980812.71201889,786135.273721725
Orange County Print Shop,.66,1983765.7057848,787665.44159314
Cama Street,3.04,1439029.33791064,529145.249316975
News & Record Greensboro,10.18,1767414.84944539,846073.572480068
Hertron International,0.51,1439546.46909422,531494.851245061
West Morehead II,4.68,1440069.16949239,542298.043877482
Durham Police Station,4.087,2026759.22708106,817537.232899308
Travelers Oil Co,1.94,2323468.39317597,160399.197768554
W. 7th Street,.56,1631150.61213189,858604.378455147
Theron Properties,.53,1458977.66251522,548521.166929901
Heritage Square II,9.58,2030010.94958022,813968.575666562
Elan Indian Trail,27.86,1502230.25678414,489895.557475314
Warehouse Property,9.5,1724285.95473222,852330.875910312
Forest Hill Church,1.887,1461938.99583139,549421.33146815
Grantham Development,2.765,2036452.15684214,811921.962305725
7984 Market Street (RN),2.66,2363021.86984314,199136.705923304
The Foundry II,1.85,1446248.32183222,542647.245934978
Rogers Oil (RN),3.64,2107768.81243689,733310.672350138
Roberts Street Organics (aka RAD Asheville),1.56,939654.562712058,687775.815257311
Acme Spinning Mill (RN),41,1389583.35314138,559457.57550323
Flow North Spruce,2.08,1631083.6355598,857678.777616054
Sunnyvale Drive,42.14,2321828.1005248,155861.892210647
Metrolina Speedway,39.7,1452650.28606239,575968.425355479
Robinson Terrace South,3.49,969781.534938306,590874.925726146
Wise Oil (RFR),2.38,1532377.13120155,665366.01690115
Almont Shipping 2,.95,2317001.13314463,182530.518335223
Southern Steel Co,5.18,1435712.1857523,541422.704420805
Cotton Seed Oil Mill (RN),2.4,1442848.80435306,536321.542379066
Mallard Griffin Lumber Co. (RFR),5.62,2418035.64334555,555995.477768645
Battery & Ignition Distribution,1.68,1439267.55921897,530737.973821804
Affordable Custom Iron (RN),3.87,1439705.0242233,530316.285688818
Charlotte Van and Storage Co (RN),5.91,1437905.69022356,527017.915973231
Durable Wood,11.9,1492754.35447614,539704.40733248
HP Fabrics-Kimwell (RN),4.02,1609171.84572205,837772.079568639
Caraustar and Savona Mills,30.4,1442485.2017338,548601.580482975
Philcron Automotive II,1.55,1443660.99695438,536021.502952889
Herrin Brothers Coal & Ice,10.47,1461122.43972172,550898.356073141
Strawn Cottages,1,1446860.63884905,538559.351879805
Dick Keffer Pontiac Buick GMC (RN),12.12,1438247.18724397,520984.352252975
Bancroft Warehouse,3.73,1453956.39795147,549072.610708892
400 N. Mason (RN),2.82,2046225.58480181,721877.347775891
Blythe Isenhour (RN),1.67,1438336.26777448,523264.473348901
Thonit A Simmons Co (RN),11.03,1407738.3066608,508400.325583816
Red Carpet Inn,2.84,1448673.42065655,538997.300807059
The Vega (RN),0.61,2029432.88938464,818981.260523066
Kerner Village Shopping Ctr (RN),14.94,1679009.09417063,860922.822965235
JJQ Investments (RFR),0.47,937680.541069552,685228.712411895
Bookers Garage,0.53,1456021.03391406,543351.04931739
Latta Park,1.73,1449805.08243522,534711.347436726
Raleigh MGP II,5.9,2104563.85427989,737270.590611398
Diversey Water Technologies,1.60,1445413.12140289,540982.717767984
Progress Court (West Bros. Transfer),11.44,2111572.81860839,749549.949582815
Downtown South - Raleigh Reclamation,11.02,2105948.20452955,730075.522324398
Wilmington Waterfront,.95,2317261.60309614,182565.428042307
Northern Telecom,94.89,2043449.10708706,778479.37958473
Kroehler Manufacturing (RN),6.55,1462433.99549755,533000.008339733
Huttig Sash and Door Co.,8.88,1441119.87736472,545579.125569895
Cornell Dubilier,3.24,2059832.88731155,668240.144683063
Schrifts Mart,23.01,1976901.11190248,839336.355967641
Johnston Mill (RN),5.414,1461370.49335948,550402.568350807
Nebel Knitting (RN),2.05,1444807.40411039,537179.908772558
Electrical Apparatus & Machine Co,2.158,1445914.02099164,540944.696846649
Swannanoa Laundry,0.48,944022.760012388,690046.062029138
REEP-LRC II (RN),16.42,1423946.72043814,507773.069292396
Sherwin Williams (RN),12,1457971.89484172,539784.393064901
North Davidson II,3.79,1458130.09728122,547697.115756482
Seventh Street Properties,1.68,1456678.57360947,537340.482926473
Youngs Auto Repair,.57,1446113.76140581,538028.581943974
Clorox-GE Facility,7.41,1442051.98672096,546681.724086478
Idaho Timber,,2174918.98522289,932342.515099317
Dimon Property,,2423145.11803472,550874.565438315
Stratford Metals,,1632491.8945543,851857.276135728
Cranston Print Works,,956548.202809215,627681.837348387
Old Crabtree Landfill,,2097674.72370122,759961.876921639
Heinz Pickle Plant,,2165516.37345073,941303.929263055
Chatham Park,,1472272.60278881,920743.717430815
Chatham Manufacturing WWTP,,1472272.60278881,920743.717430815
Camel City Cleaners,,1634546.85205856,857224.85070239
Thermex Property,,1816061.71179713,861390.465402648
Spanco Inc.,,1937779.35123539,640062.997297317
"Resco Products, Inc.",,1744305.82282889,841882.349235222
Moser-Hall,,1511769.65699664,497162.439923137
Prarie Plastics,,1504122.53679222,575874.944571316
Pillowtex Plant 1,,1536744.61229597,654547.339391559
Pillowtex WWTP,,1512429.15174064,642566.548392564
JDS Uniphase,,2037048.55755222,789420.631652311
Pender St Friendly Cleaners,,2324907.67376196,717007.12523289
Pride-Trimble Plant,,1885673.49252081,524623.519515306
Millennium Fund,,1628928.46959455,856179.939406395
Campbell-Everhart Site,,2596170.57119572,479641.037630066
Texfi-New Bern,,2566048.2656268,510276.032790393
Color-Tex International,,1585050.10689214,719862.311451644
Holmes Property,,2103680.74482563,727879.510640308
Asheville Waste Paper Site,,940975.647668302,686567.605731472
Ecusta - 2,,893925.225037053,571021.575012982
Ecusta - 1,,893925.225037053,571021.575012982
South Terminal,,2317078.19598264,160131.155325651
Virginia Mills,,1892115.77064672,828097.294128224
Almont-Old Wilmington Harbour,,2318302.3634818,183624.335701391
Conitron Site,,1727115.89362614,773689.958717391
Cone Mills Granite,,1891688.05562289,851777.667371064
Blevins Oil - Spruce Pines,,1095488.30189697,803810.899131566
Knitcraft Manufacturing,,1384886.96850531,554434.798803389
Yorkshire Americas Plant,,1371741.74643622,565315.671070471
Manchester,,1509760.92709023,627311.694059804
Raleigh Dialysis Center,,2107606.08835289,733433.203601137
Lexington Furniture - 2,,1628615.68150622,756654.669297233
Navassa Slaughterhouse,,2300272.45728447,192088.135046721
Masonite Corporation,,2274666.07247372,803179.551312894
Texfi-Haw,16.8,1892503.03463598,852330.434966311
Walgreens Shopping Center,,1567102.54272172,696376.501467973
Ray Paving Company,3.81,2148534.75649539,807737.913915306
Raleigh Convention Center,0.51,2106618.59131214,736313.578745887
Wallace Commons,15.05,1558776.67125013,690927.258757561
Ecusta Mill Property,,893925.225037053,571021.575012982
Abernathy Lumber,,1463256.03191122,551141.213855147
Kayser Roth Property,7,1880755.75432481,845072.883864641
Wallace Commons II,15.05,1558900.04436298,691015.878659055
Imperial Campus,6.84,2481703.40544547,680614.631416976
Grover Industries,5,1034361.72041023,553707.248093143
Wake Forest Technology Park,35.16,2132244.73592588,788033.772877484
Regal Manufacturing,,1307466.08627389,735446.191701144
Rutherford Corporate Center - Lot 5,5,1145559.0337763,588568.104880482
Tyson Williams Property,1.43,2088258.04141913,696619.805771396
Cape Fear Meat Packing Plant,,2299395.47872347,190833.054551646
Liebherr Mining,1.43,2079060.48632348,679708.298255891
CVS (RN),2.17,968333.16480355,584913.06986773
Stanley Furniture,16.38,1843028.74382097,547554.297800645
Carolina Classic Bathware,7.17,2323209.75885072,718348.022813559
NZRTP Cardinal (RN),45.8,2035482.27787639,771197.17761372
Zagora Gear,1.41,1445199.88396847,540540.520161554
E. W. Williams,1.43,2088310.44059256,696114.573186055
Retreat at Renaissance (RN),13.63,2145758.44708739,808905.771815807
Rocky Mount Villas,12.47,2354096.10619864,804042.745124564
Hotel Louise,0.21,2578064.32263139,658015.23665522
Southern Resources Scrap Metal,4.8,1463277.56402038,551567.70742473
Hanover Center II,39.26,2331478.7938218,171922.726230651
Victory Cab (RN),1.73,1450142.88589346,541254.275623813
Cameron Village Condos (RN),4.91,2101629.32930905,742627.883702561
Clingman and Hilliard Aves,2.97,941427.188759968,689328.254409641
Austin-Berryhill,7.5,1711627.42460313,855828.396474317
Wrights Executive Sales II,2.23,2029353.5614593,820036.555984646
Selles Bagwell,3.25,1442344.55831431,535728.197437137
Peerless Master Cleaners & Dyers,1.15,2104866.9734243,739104.564633727
Bancroft II,3.73,1454049.4778178,548954.467900559
Pete's Texaco (RN),.44,1454893.64837356,534165.719590977
Pembroke Oil Bulk Plant,2,1942769.29696414,338543.959260479
Crayton Printing (RN),2.82,1442693.62159255,535360.818250641
Trawick Rd (RN),4.468,2125188.85239989,749539.965350807
E W Williams II,1.43,2088203.99625164,696255.522707313
National Linen Service (RN),2.58,2320392.2805618,172251.015928388
694 W. Crowell St Property,2.97,1534092.21077664,452915.479532734
General Baptist Convention (RN),.51,2107380.07043222,736320.91698581
Merchants Bonded Cotton Warehouse (RN),4.49,1453639.52522564,545318.497154146
OMC Bombardier II,62,1030198.51416972,804243.159421891
Yandle-Witherspoon (RN),4.85,1453878.88203038,544796.063815817
Acme Machine and Tool Co.,36.5,1437087.5707968,541504.67833823
Seven Up Bottling Co (RN),4.9,2106345.9114113,735920.52966322
Fifth Third Bank (RN),1.82,1451431.48666272,514441.897162065
Parlier Plumbing,1,1439866.21189305,747213.36108014
Cullman Ave Property,1.06,1459958.73863706,550495.730894148
Gary L. and Sarah S. Smith Properties,37.227,1867517.95435689,721080.672531977
Garner Road Property,5.25,2109092.42888413,732185.544022977
Phil Mechanic Bldg II,.32,939813.928863138,687692.67992489
Stanadyne Corp,30.5,2570752.18404047,665296.991776735
Gas Fired Products (RN),2.44,1442092.18447521,536850.124983311
Chapel Hill Publishing Co (RN),0.8,1981142.57422005,785940.626145139
Bridgeton Marina,15.67,2590130.96155581,506873.836510807
Levine Museum,1.63,1450879.04222955,542985.919470221
Terminix,.24,1444458.26406063,537664.198486388
Trimble Plant Rd (RN),14.41,1886243.42117096,524555.946815804
N. Trade St Apartments (RFR),4.03,1631574.3274918,859628.385921568
Dilworth Auto Service,2.28,1445264.72996739,537536.801759556
Doggett Street,2.44,1443376.44732663,537127.892144307
Lyman Stoneyard (RN),2.78,939853.881211057,686458.899912149
AJACC Auto,5.335,1437350.97939073,527182.350027561
Stickley Furniture (RN),1.53,1701160.43339805,805391.103976399
Brayton International Furnishings (RN),7.69,1707088.69516355,790642.81424731
HP Fabrics-Distribution Warehouse,4.78,1609447.47804481,838147.210380062
Wave Transit Maintenance,1.5,2322295.98968089,175911.869499058
Bland St Assemblage,2.47,1446164.9601223,538949.741190895
Erwin Oil (RN),2.45,2028539.79340181,820395.32495214
Perfecting Services Division II,4.24,1458990.73893264,552667.989672974
South & Hollis LoSo (RN),2.6,1440595.29573672,530563.295693472
MillerCoors Brewery,"1,358.97",1789478.26791689,1008687.25118907
Hart Furniture,1.6,1863713.98558688,719745.059061483
Southern Mechanical II,7.79,1432986.40314613,559343.567201063
Exxon Co,8.02,1436681.44660905,540921.192956641
Zucker Junkyard,6.17,2089571.43019655,727935.731656477
Dynatech II,2.28,1441274.46104506,537387.528764144
The Mechanic Man (RN),.71,1442507.4969648,547566.5881304
McLaurin Trucking Company (RN),3.5,1457782.99856597,550250.031254306
Coleman Mill,10.14,1526394.88758864,599616.226484984
James Waste Oil,9.13,1453737.16249755,547059.259420648
TA Sherrill Construction,2.83,1457036.23857655,547153.943614483
Maaco Fleet Solutions,1.14,1442460.70375131,536199.570838228
Martin Millwork,3.55,2101881.30649538,739245.154575646
North Hills Expansion (RN),7.18,2105343.75035788,759744.460361734
East Side Truk Service,3.39,2054986.6775158,458176.69899714
Erwin Terrace Self Storage,2,2015306.19749372,821761.21132797
Bendel Corporation,20.03,1460665.89601539,562101.602367401
Greenville MGP,2,2482191.58819614,682797.203167304
Takeda,586.8,2297449.63583039,212164.569303229
Erwin Terrace Apartments (RN),5.88,2015265.56338863,821380.841353804
Earps Seafood,2.39,2103723.30281138,732142.266222388
Morehead City Shopping Center,2.123,2683191.9644098,361902.122845888
Byrum Seed (RN),4,1437856.69294623,527992.20798789
Guilford College,28.4,1727540.16574347,836851.777931556
Davidson Depot II,4.7,1449126.09724464,642228.230827734
Pharr Yarns (RN),37.11,1395400.62759605,551552.038492814
Carolina Tractor Supply,1.96,1436603.68560971,558922.950588226
SouthBank Building,7.83,2028281.49634622,818043.938906893
Chemway Corporation (RN),1.26,1441066.27576588,546324.358659476
Southern Bakeries Co (RN),1.26,1445572.0892608,539061.249169976
Kindley St (RN),10.14,2105951.44041547,735404.103202641
Clawson Radiator II (RN),.86,1445186.28753898,538243.32528089
Pharr Yarns II (RN),17.49,1371050.09066731,560239.706156805
Stewart Warner (RN),10.97,1634667.27209331,867788.525113061
Johnsons Garage,1.84,1983445.85931164,790349.117000058
East 34th Street,1,1462821.11513014,547167.182761222
Wix Filtration II,3.55,1354218.43469813,559948.915727898
Domestic Laundry I,1.153,1450022.19453381,537954.907222554
Berryhill-Tuckaseegee,7.236,1440665.91961122,545968.69171989
N Tryon Assemblage,7.56,1458457.64058939,550624.689953804
National Welders Suppy,3.6,1441779.46265972,547216.973344058
Clariant Corp (RN),9.79,1464309.29128763,531341.401092649
Regal Mfg III (RN),2,1307560.65465431,735402.246579066
Carolina J and M Auto,2.14,1438934.13961022,531358.751123562
2300 N Tryon,3.58,1456721.62372021,548994.706337139
FT Williams Trucking (RN),4.546,1441081.10185172,552220.58571215
Thomasville Plant H III (RN),10.5,1633593.48946397,861073.574632227
Cook Body (RN),7.03,1438434.09795938,541441.09021081
Acme Garage,3.59,1450750.41453405,543299.716742888
George Fern Co (RN),9.6,1431045.89062297,540575.438398808
RJ Reynolds - Area 2B,36.57,1630583.74417114,871253.605781317
Borden Textile Mill (RN),12.93,2301353.62835047,599367.81654872
Harrelson Ford (RN),8.59,1438768.86467831,513035.901286393
Charlotte Oil and Fertilizer Works II (RN),.93,1443572.9869598,536420.043494388
Ledwig Musser Facility (RFR),7.77,1551301.60647589,453461.723847061
Hunter Wrecker (RN),7.02,1454942.31330247,544367.440657318
Assistance League (RN),3,1439644.0105658,531739.849114642
East Cama Street (RN),.56,1438503.16015722,529071.63824372
Imperial Mills (RN),23,1392345.25837871,548753.054261401
Jones Electric Repair,1.21,1452600.15296055,541573.827478141
Brown School (RN),4.46,1635985.51092663,860745.90566814
Polo Road,3.92,1627304.17199014,872732.492587313
Parkwood Station II,2.94,1456369.74614313,545863.462271556
Mt. Gilead Property (RN),3.55,1699389.5068218,535692.328742474
TR Line Railroad Corridor,190,968368.751018465,585602.495326146
Statesville Road,4.99,1451093.81148505,583927.87400347
Prose University Apts (RN),2.92,1477739.48260306,569517.368375733
Chapel Hill Road,8.13,2078422.12966055,742959.947670981
Pinnacle Storage,3.25,1214183.62159248,909125.193423808
True Textiles Greenway,.23,1455838.58283539,912405.960484311
Louisburg Rd (RN),11.76,2134643.26524955,772279.852285638
Simpson's Texaco Service,4.2,1439894.68066813,528608.066992387
Aamco Transmission,.73,1442105.30616814,535495.993177146
Crockers Automotive (RN),.85,2104171.22612813,738811.906098306
IBM Parcels 4 and 5,44.68,1470668.10698205,564939.892950639
Dynatech III,2,1441083.65893322,537168.664700568
Dynatech IV,2,1440708.99629672,537400.128476471
Forshaw Chemicals,6.1,1441843.12460589,547726.455592811
Project East,1,1449083.15933838,533274.282397479
Patterson Ave.,8.2,1633447.91003072,860469.958713472
Winnifred Street,1.53,1445425.15615572,539378.470976472
Fulbright Laboratories (RN),.92,1444694.59035964,536504.629283234
WinstonSalem Landfill,24.62,1625347.68049631,845601.905772477
Lake Wheeler Assemblage,7.52,2103894.65253431,734397.821422562
Former CSX Railway (RN),3.02,1440847.37594122,546554.406755805
Raleigh Ice Center (RN),13.28,2111806.3060023,751341.644162148
National Upholstery Company,2.5,1694508.37124288,795528.583347142
Rhyne West (RN),15.951,1412764.96425839,565852.245128557
Robinwood Property (RN),26.65,1506042.87743972,550515.851916894
Winston Mills,24.67,980252.268589973,696563.009953231
B and H Sheet Metal II (RN),1.29,938839.317951471,688017.743579224
Angier Avenue Assemblage (RN),9.39,2033198.33264114,812994.162261054
Wrights Cleaners (RN),2.21,1441268.59950823,534132.513292566
Exxon Wooster (RN),1.45,2319168.86338922,174906.998149231
Nu Brite Cleaners (RN),.85,1518744.20111838,635635.480889887
Hammond Center (RN),35.77,2106977.7959743,727325.528480559
Reagents Facility,5.26,1437606.40571713,507904.313452482
Yorkshire Americas Plant III,17.09,1372011.44209105,565573.477641478
Parkdale Mills (RN),30,1339765.5055988,556411.952985555
Lee's Truck Stop,1.97,1454567.44364539,547301.749421224
Shop Towel Rentals,.66,1455662.10615422,549118.25333415
N Mangum St II,1.49,2030467.62550414,818997.199467555
Mock Judson Mill,8.67,1753129.53516831,842492.462188229
Colwick Road Property (RN),1.691,1462589.07064672,524659.006977141
Taxi Cab Co - H and H Auto (RN),1.48,1444928.87696455,536531.211907223
Eno Industrial Park (RN),160.73,2040153.99556705,839635.439358979
Clanton Road (RN),7.21,1438088.08454381,531615.743391722
Beaty's Bindery (RN),2.55,1460469.31045055,550675.424432397
Jones Chemicals,4.22,1444835.3682933,543318.205879137
Press Club Cleaners (RN),2.3,1440864.95661472,531051.233037814
Leland Auto Salvage,2.49,2301843.54272497,180896.624621391
Commercial Equipment Co (RN),7.54,1455007.43915647,551284.743751809
Crown NC9 Gas Station (RN),.58,1439451.61003198,520317.48810114
Dilworth Auto Svc II,1.22,1445071.70607522,537442.249455228
Swim Master,21.22,2418583.56186913,790489.414947808
920 Brookstown Avenue (RN),4.15,1629118.12505513,855737.335960895
Terminix II (RN),1.15,1444471.08129223,537538.747293726
Moss Trucking Co (RN),4.5,1459122.25605805,551631.860511646
Fli-Back Facility (RN),8.84,1699653.5259788,802311.907706976
C Baker Well (RN),1.88,1439628.20679164,513747.921843976
Carolina Nitrogen Corp (RN),33.35,2315127.56963456,193627.399356648
Admiration Hosiery Mills (RN),9.274,1437499.57456598,528788.54727447
Holiday Inn (RN),1.31,2105604.60843197,739368.983724311
Valdese Weavers Mill (RN),1.37,1238604.84473155,735518.801135972
Sawmill Hollow (RN),3.86,1032451.25539914,804572.162044734
Rhyne Road (RN),39.25,1411880.57823189,564271.97663556
Osage Cotton Mill (RN),6.585,1318696.26099198,565940.92146039
McLaurin Trucking Co II (RN),3.5,1457907.02423656,550131.623026565
Mid Town Used Cars (RN),2.76,1446728.14501956,540336.578968391
Chemonic (RN),.64,1757475.20987588,842673.244306982
Acme Cab Co (RN),1.45,2107473.58960214,736529.63671273
WIlmington Shipyard (RFR),30.33,2315815.71884881,184025.614426389
WPDA - Area 4,3.69,1630796.21815564,869533.707974389
205 Bland Street,.91,1446364.0128738,539108.797959387
Rhyne Road Assemblage (RN),98.11,1410963.10204847,565806.493579641
Cabarrus-Dawson Streets (RN),1.17,2105570.61276506,736789.44557631
Downtown South-Penmarc (RN),45.29,2104644.34558871,730568.114186972
Statesville Avenue Properties,18.87,1451077.90797356,555567.799818233
House of Threads II,3.58,1456758.94680831,549010.161358729
West Martin,1.22,2105567.5645428,737725.351512894
Lyman Stoneyard II (RN),2.8,939796.533884809,686454.47997348
Tryon Mall,6.45,1465122.61872922,552510.52640523
Depot Street (RN),.37,813224.106255889,657969.909646139
Riverman II,7.4,2317378.06907055,174902.337397397
Atkinson Street,8.65,2157116.23670772,694699.279756814
Scarlett's 66 (RN),.34,1455904.82286039,542982.215737477
Novel University Hill (RN),6.5,2014102.91151448,807994.976393312
Cabarrus Street Assemblage (RN),1.06,2105062.71843964,736858.678705558
Durham YMCA (RN),2.27,2029253.47209255,818430.859064817
Continental Ind Chemical (RN),6.59,1433554.62051363,558198.553414971
"Ramco Fabricators, Inc.",13,1699229.07275946,861418.074271306
Modern Mold & Tool (RN),4.3,1457629.57925339,547038.142008811
Carpet Warehouse,3.32,1633657.93684164,859577.33418639
Cleveland Mills,33.42,1236986.01233931,614929.65419139
W Z Morton Warehouse (RN),2.14,2482618.91181655,680382.53279981
City Motors (RN),2.06,1562459.52510488,699829.324942887
Fairway One Stop #13 (RN),.403,1873418.31361914,850652.403545484
Nivens Property,1.598,1441064.54217355,533282.225294977
Bev's Touch Cleaners (RN),.93,1446492.84594947,538347.179075807
2500 E. Market Street,7.28,1777296.20107372,847883.807376638
ICI Americas (RFR RN),3.67,1456353.61264522,548612.33669506
The Creamery (RN),2.64,2104764.2196928,741026.141171142
Modern Cleaners (RN),1.54,1439583.73279922,523282.721671984
CE Smith Co,3.8,1750421.95265697,866600.986805722
Eastvale Shopping Center,1.15,951256.018183634,686239.256650642
South Hills Mall,34.84,2076796.01808339,733906.603244901
Hillsborough Assemblage,.99,2105154.5870223,739083.664084971
JM Bernhardt Mill,3.22,1246049.76291256,795836.789423644
Growers Outlet,6.13,1435229.02267663,492371.462628484
High Street District,2,2105363.29920331,738689.199978888
Piedmont Plating and Anodizing Co. (RN),2.6,1442575.29177672,535117.565784395
Nations Ford Rd Assemblage,10.97,1435217.46134806,525175.654565901
A and A Truck and Auto,14.28,1407526.30281971,548297.456747398
Woodlawn Mill,3.54,1397693.48783971,571484.209258318
Air Liquide Facility,2.15,1443039.40239705,534438.210843891
Service Distributing Co (RN),3.75,1437246.91398205,528973.581353232
Harris Auto II (RN),5.38,1452294.42391323,551588.307777226
Tarmac Virginia (RN),4.59,1463625.3228393,551444.379259318
Toyota of Boone (RN),.6,1214089.55517955,908760.523549482
ServiceMaster Fox,.46,1439303.6077033,531102.534116313
Wilkinson Blvd (RN),3.39,1439947.09099638,541827.170803472
Stevcoknit Fabrics II,54.36,2304817.09058364,358715.352972731
Villa Mobile Home Park,9.91,1521129.51393305,635662.146190897
Charlotte Aircraft II,5.79,1484947.70014197,536490.036464646
National Cash Register Svc (RN),3.21,1447065.05904388,540151.545217723
Scott & Roberts Drycleaning II (RN),1.71,2027054.99551839,818972.499385729
1601 South Blvd (RN),.61,1445803.00152864,537652.367145225
Sir Walter Raleigh Gun Range (RN),46.21,2145307.33447255,746970.685712472
Pattons Facility (RN),2.79,1441293.99840756,531495.880114391
Swannanoa River Rd (RN),25.76,950557.423124135,682783.374454811
South End Business Park (RN),45.7,1438635.30293755,532528.130346477
Nisbet Marine Mart,.62,1446040.15689422,539398.147774398
United Air Filter (RN),2.13,1444358.9460178,542622.388045058
Kinder Morgan,72.96,2318443.63911788,187062.689717054
Heritage Square III (RN),9.85,2029685.71696296,814389.456058398
Vikon Chemical,6.39,1880449.6683228,849133.712029055
Cary Towne Center,87.26,2071054.01447555,736599.33440797
Asheville Mall Sears (RN),15.62,951285.482035473,685751.33735089
401 Par Golf Assemblage,72.76,2098695.50217147,709094.81264548
Allred Metal Stamping (RN),14.93,1693013.18952197,790013.020887479
Smokey Mountain Petroleum (RN),2.73,955774.56426464,683976.65750131
Stockham Valves and Fitting Warehouse (RN),2.18,1441963.43112381,534925.908031225
Singer Furniture Bryson City II (RN),20.66,671867.281030476,638589.997946724
Dynamic Auto Works II,1.31,1446297.9696988,542886.878001645
Fortress Wood Products (RFR),17.62,1733555.47064197,825203.398013145
Raleigh Oil Mill (RN),1.31,2105111.78887956,737666.812259898
Winston Container,15.5,1425167.27475555,539954.090560138
Pag Chadbourn Property,5.1,2052287.69013163,205274.251719058
Forshaw Chemicals II,6.1,1441840.31752488,547670.47506173
Revels Esso (RN),1.64,1449392.7489423,544594.682984978
Legionaire Road (RN),43,1328593.78286356,639347.135211974
Cleveland Avenue Homes (RN),23.81,1636068.75715122,862853.104865804
B&B Used Auto Parts (RN),15.0,1456641.31088872,557924.730799899
North Graham Hopedale II,2.81,1880189.11142921,854032.6681104
Cemex Consruction (RN),3.74,1636030.28052214,868850.636505887
Stateville Rd Property II (RN),4.99,1451140.25693022,583920.79987064
WT Harris Blvd,27.46,1484820.71187888,535815.077512726
Angier Ave Assemblage II,21.658,2033725.24530122,813073.499372721
Tillet Chemical (RN),5.55,1434800.84767997,491804.82662265
Yuasa-Exide Distribution (RN),2.9,1464119.30249439,550891.536861062
Southern Concrete (RN),3.60,1441425.83475806,547114.901697814
Charlotte Supply (RN),4.8,1447455.62551998,542740.866810724
Stay Right Tank (RN),2.92,2084720.1278913,743284.81250681
NC Self Storage,21.69,1886660.16246347,525207.771955729
AMP 11 (RN),6.17,1768581.29789989,852848.371922567
Eastern Electric Facility,6.75,1468040.37142389,548519.677103475
Textile Rubber and Chemical Co (RN),1.93,1458403.26405773,547691.901199982
401 S College Street,2.3,1448980.03979397,541286.245048061
Southern Cleaners,1.56,2473249.69827156,369453.433530644
Ables Auto (RN),3.82,1437331.77864172,541575.926883399
American Hardwar and Equip Co (RN),3.909,1447618.77840889,542127.752879471
Cessco,1.7,1466838.63891922,538177.19122681
Ocean Hill,7.92,2932330.11081755,973437.286584139
Phoenix Aluminum Packaging (RN),21.48,1637402.88243572,848832.878313139
Sun Printing,.42,1633554.8943968,849817.430805981
Durham Summit (RN),14.41,2028260.87565255,835697.959373057
Dixon Quick Coupling,4.24,1459068.62001047,552781.78242439
Chadwick Hoskins/Arlo (RN),1.14,1457112.8791713,541312.046505645
Piedmont Plating and Anodizing II (RN),2.6,1442381.48671813,535242.005496144
Beaufort Marine Park,32,2704202.40204763,661763.09694165
Escobar Truck Equipment (RN),2.62,1457845.99548721,554338.495518312
Massengill & Murphy Autos (RN),.7932,2029456.63900906,819920.102477387
Tennessee Carolina Transportation (RN),.79,1459661.00169972,552801.78664948
Faires Trailer Sales,5.8,1459720.94711788,551949.732579306
Hunter Wrecker II (Martin Transfer & Storage),1.298,1454909.09847389,544562.414676815
Hunter Wrecker II,5.9,1454911.31336448,544341.322599307
West Village (RN),1.19,2027996.03825572,818696.460567728
Mills Market,3.2,1446002.60578822,635440.180755556
DKL Investments (Lewis Storage),4.51,1752210.84901355,840791.307782143
Levine Museum II,.70,1450959.24220039,543059.105675563
PC Mart (Former),2.1,1437952.99557513,525351.185710892
Charlotte War Assets II (RN),7.54,1439691.90843588,545841.701816395
Southern Wipers II (RN),5.66,1457720.59186664,547558.055667147
Nisbet Marine Mart II (RN),.62,1446074.71325555,539387.083820149
Trinity Park (RN),16.4,1443852.24689998,577395.127226472
Acme Garage II (RN),5.07,1450689.3506798,543309.514295474
Womble-Arrington LCID,59.03,1973613.1630978,765218.038981482
Nissen Wagon Works,9.06,1643899.81104289,846465.717036977
"Elastic Fabrics of America, Inc.",14.99,1771415.69216546,829690.435626984
Cleveland Mills II,40.7,1236848.69830947,614819.176393971
Alma Desk Co (RN),3.25,1699800.67463464,802538.72877565
Nutrien Property,10.68,1634463.2232888,868545.31165722
Days Inn and Motel 6 (RN),12.56,2015299.10334781,826754.814857811
Stewart Warner II,10.97,1634557.64304747,867895.247668639
Laurinburg-Maxton Army Air Force Base (RN),100,1887508.74377155,371466.474452063
Domestic Laundry II,.919,1449760.13698706,538112.36983414
Toyota of Boone II,1.66,1214145.58131422,908851.58373481
Durham Coca Cola Bottling Co (RN),10.269,2016815.49139114,825948.401772484
Friendly Center (RN),15.3,1753471.9498378,850628.826492891
Wheeler Bros and Co (RN),2.8,1628319.96884306,756150.250030473
ICI Americas II,3.67,1456412.10432614,548669.115124807
Borden Brick and Tile (RN),95.68,2039194.42596389,810509.842098475
Southern Concrete II,8.85,1441242.53328739,546732.665585637
The Madison,1.409,2104491.25239097,741815.875812143
South Tryon Assemblage,1.914,1442558.91221631,536732.125547394
Stanadyne Diesel II,30.009,2570366.17857888,665905.301255643
XL Cleaners,2.083,1627622.6306708,868264.226261392
Packaging Unlimited II,43,1327747.89938472,639853.435380474
Rutherford Crossing,16.412,1285391.31546289,598347.840898395
Morgan Mills,9.4,1641636.72600214,580872.660297647
PNG Charlotte (RFR),15.7,1437695.45704822,527557.635038137
Friendly Center II,7.1,1753642.07515372,851731.466019899
Fairway One Stop #13 II (RFR),.40,1873359.61098063,850612.354084894
Perfecting Services Div IV,4.24,1458922.33716655,552940.283091649
Diesel Power Injection,6.1,1435082.21949255,491874.220840812
Iron Horse Property,72.94,1880927.8445318,497511.600642145
Barclounger Furniture Mfg Plant,146.41,2240934.41618389,453137.706778556
Copes-Vulcan Facility,19,1443278.62895273,540763.618468642
Tire Masters Automotive,.95,1451935.06800464,675044.559551895
SHowroom Property,1.86,1702017.72105356,803057.726097226
Acme McCrary Mill,2.54,1757924.92846464,713258.640931979
G and M Hauling and Grading,8.68,1447278.3832552,600078.612084643
Klumac Road III,15.12,1558390.89938389,691100.705589145
Edgecombe Genco Plant,84.67,2369061.34103189,834922.587892309
Virginia Mills II,21.31,1892289.15350205,827551.0616249
South Street Condos Combined,1.18,2104272.84469131,736082.239313558
Hitachi Metals,84.29,1538499.31613563,667587.316920474
Barton Contracting,4.58,1438045.84217422,518020.014021561
Cogentrix Lumberton II,13.03,2001033.04001647,305768.804994643
Domestic Laundry III,3.8,1450164.5918868,537980.667997807
Domestic Laundry IV,4.54,1449451.5913443,538628.767423391
Fieldcrest Balnket II Parcel B,10.42,1777398.82914931,1004751.15112165
Academy Steel Drum,19.74,1492706.15083238,495893.958208144
R.C. Bottling Co. ,2.36,944067.191353977,687681.7586869
Crestdale Road,4.8,1488061.17980738,500962.381470233
Garner Road II,4.7,2109042.25936505,732396.475359648
Leonard Oil Co II,1.10,1636359.33596639,846993.798657984
Pactiv Evergreen Mill,328.9,857100.888580889,672204.93432565
Koppers Co - Morrisville,37.369,2047552.87184538,763393.110544726
"Chematron, Inc",7.04,1433859.16288355,558953.360960484
Seaboard Air Line Railyard,12.761,1538580.87043446,452716.101978734
Welch's Sunoco,0.24,1455032.91537017,533946.073514415
Textile Piece Dyeing II,22.07,1331733.94643735,638568.627917842
Paziuk Warehouse,9.46,2320819.76150823,156129.76694559
J&J Automotive,1.05,2096505.02730857,742497.354402459
Cargill Raleigh,17.4,2107225.2950914,732159.473095267
Gaither Transou,5.28,1727850.97620894,836415.631343043
Fortress Wood Products II,18.71,1733599.89898521,825005.100378777
Talbert TL Iron and Steel,2.17,1448347.12933726,542013.218824449
CSX Bulk Storage,3.28,2317452.09453348,182691.23453977
Billy's Auto and Truck Repair,2.15,1701639.10523344,802329.443314212
Kidde Fenwal,32.53,2137387.79416948,791353.748314328
J.H. Wearn Lumber,1.92,1444392.26742932,540356.379050369
Speizman Property,2.6,1467447.30259411,528977.589040566
Fieldcrest Blanket Mill - Parcel A,5.18,1776859.78260451,1004060.49434232
McLaurin,1.89,1867850.67416389,721533.183437973
Hardees-Westover Terrace,.99,1758943.85206344,853534.921223115
Travis Knits II,16.77,1284130.75592458,598000.834994101
1220 N Main (Apex Industrial),9.86,2049340.78114529,698295.101200588
Haywood Coal & Taxi II,047,937679.652947977,685285.926536307
Component Drive and Peedin Road,13.17,2205083.29865318,642910.005599582
Charlote Aircraft III,5.8,1484944.88351283,536488.870331641
Woods Ball Ground,12.32,1365597.68393583,561256.721688847
Mr. Tire Auto Service,1.76,2478118.39779948,668149.480981533
Talley Laundry Machine II,14.6,1741427.20275476,836803.867748418
Aurora Cotton Mill,2.69,1873069.96559852,850749.042341598
Atherton Business Park,1.03,1444615.19708443,536272.219746417
Asheville Truck Service,.74,943852.718686941,687780.33595649
Southern Paint and Waterproofing,26.16,1774355.40127519,828505.94619966
Admiration Hosiery II,5.56,1437483.20398348,528530.017947304
Trailside NoDa Phase II,7.28,1461954.16607663,551266.64667514
MGP Kinston,68.98,2422209.17517059,550750.056717135
Cranston Print Works,30.11,956651.607302217,625144.108088365
The Depot,2.37,2105325.86930087,737277.451248311
Domestic Laundry V,1.66,1449699.73553306,537916.669766232
Domestic Laundry VI,2.06,1449796.17416992,537651.015487153
American Color & Chemical,14.03,1412939.38723823,509670.706557349
Carolina Hosiery Mills,7.22,1868340.5489003,856901.977440293
IRC II,16.63,1212946.81544392,901248.190503691
T&S Hardwoods Inc,42.04,758218.852531218,627457.430180657
Sledge Road,35,2316273.14455994,217504.411937531
Woodward Apartment,3.12,1453553.04387624,550639.704984606
Universal Industrial Park,39.32,1714492.19067265,808391.589090443
Madison Manufacturing Company,81.15,866996.426686435,799490.953039251
Greensboro News & Record,10.18,1767110.66704261,845803.80043697
Joint & Clutch Service,2.48,1454775.39635223,549486.045876501
Robinwood Property II,26.66,1506453.74189522,549906.039506188
4500 Old Holly Springs,17.36,2043082.35572466,696582.289408229
Linden Center,4.05,1634509.93025701,857374.515466637
Customade Chemical,3.3,1415519.77862129,522609.213558444
Pillowtex Fly Ash Handling,71.03,1512198.95824056,645337.110250371
American Circuits,1.37,1454573.84640642,549759.138681776
True Textiles CCB Area,16.79,1455880.34226631,912724.858140483
Cone Mills II,24,1433673.81843796,491119.836522818
Bench Built Transmissions,.83,1520571.50258189,636394.202469558
Jones Chemical II,4.63,1445046.64050855,543597.033077389
Smoot Tannery,3.01,1369522.58289555,884091.581089556
Forest Hills Heights,14.9,2028022.83719753,814882.066530781
McDowell Street,1.29,1449304.51470341,538277.413184951
FAS Controls,42.66,1250281.3745596,576815.781846904
Days Inn & Motel 6 II,12.6,2015622.56323568,826647.09516993
Carnegie Boulevard Site,3.88,1453569.1502314,516037.24233988
Kearney Road,20.3,2135696.87760793,813623.099114782
Northeast Chemical Company,44.16,2316142.77528131,192173.710662976
Athey Products,34.71,2140562.55792594,801261.006496199
Mitchell's Dry Cleaner,17.13,1440214.51644658,529254.607259029
Grantham Development II,2.77,2036439.00882137,811708.861024669
Kapke Enterprises,14.55,2198244.79754089,764915.058934019
Riverview Station,5.59,939469.479163878,683929.226576907
Grocery Boy Jr,2,2061871.58882132,741066.523054615
Praxair Surface Technologies,6.65,1455608.01644502,583064.838681649
Royal Pontiac,9.43,2115652.1903265,751177.814337103
Harris Teeter Warehouse,19.74,2114246.43835488,750063.599618545
Richbourg Motor,1.61,943530.657796585,689337.52088444
Asplundh Tree Service,2.28,1436906.74534805,528488.156248782
Avondale Mills II,4.61,1019327.79870647,803848.269135565
Arnold Palmer Cadillac,1.9,1449432.0622215,540015.493990872
McLean Dr Assemblage,12.6,2116241.5211634,761971.893199282
Main and Cranford Assembly,4.82,1434248.01909931,491946.610940768
Johnsons Garage II,1.82,1983321.69005339,790347.550052228
United Air Filter II,13.84,1444345.99153493,542353.358362437
CF Nitrogen,1105.79,2625793.44386315,961020.795330943
Charlotte Plaster,2.45,1445378.88363151,537962.880552485
Johnston YMCA,2.65,1460501.89177928,549721.891894659
Southern Wipers III,2.64,1457870.06386481,547476.594932276
Village Inn,8.74,2104952.60899019,726696.86720997
Tower Marketplace,21.71,2123865.27040734,745387.535085379
Tucker Materials,2.97,948181.370384889,679221.427736958
Farrington Rd. Assemblage,15.43,2003399.37319726,790481.034065158
Sign System,5.26,978392.441048058,688666.073804378
Ridgeview Hosiery Mill,6.02,1341586.65213091,711187.505537799
Charlotte Pipe,4.14,1443522.36695359,541626.808534326
Carolina Technical Plastics,17.11,2550158.06997135,509777.210228967
UPS High Point,4.17,1702177.49987622,789647.776906983
Fieldcrest Mills,273.6,1584704.27119501,717793.142082778
Charlotte War Assets III,3.76,1439597.35073315,545723.470417897
Edgecombe Genco Plant II,84.39,2369124.93280158,834979.72043532
O'Neal's Exxon,20.92,2111218.11518857,722547.479958556
Northern Hydraulics,6.63,1439458.4112114,529678.513039243
The Pantry 827,0.56,2482280.24821504,674029.044244961
Pinnacle Furniture Company,2.89,1341437.76172647,710338.479805801
Pressley Park,9.16,1434340.07160187,528184.461419177
Twin carports,15.59,1571292.7172656,960744.803068539
Analog Devices,14.15,1714156.8876862,852314.642624738
Raleigh News Agency,.93,2105401.60006541,738323.350500435
McCarthy Tire Service,2.63,1458759.15338481,552419.214196433
Hunter Wrecker III,3.08,1454697.07725435,544426.005932957
Charlotte Block,10.35,1435205.96865184,559956.082515652
Gibbs Electroplating,0.426,1458158.78373982,547380.367399837
Domestic Laundry V 2,1.34,1449549.79996195,537983.081578067
Avondale Mills III,14.03,1018987.515613,804372.595869736
Thorneburg Hosiery,29.13,1428666.44588038,744689.979079902
Clark Equipment II,5.28,948845.775013608,649164.095278547
John Boyle Company,16.79,1452693.68302877,738917.864024031
Alvac Plastic Co,1.21,1442095.93463112,549294.451099208
Flint Mill,6.92,1357858.70327451,562421.586970227
Oriole Mill,4.13,968318.375276787,592523.51535117
Horne Street Assemblage,1.74,2098829.64240602,742251.078616083
Hercules Steel,202.87,2024669.48720071,494129.028402259
Auto Top Manufacturing II,3.14,1445126.84767095,538798.437096753
Queen City Cars,1.18,1455224.22342424,553039.294829954
HP Fabrics II,22.01,1608786.95015715,838779.497419807
